variant,source_country,target_country,date_start,date_end,undercounting_multiplier_source,undercounting_multiplier_target,Ne,Ve,Cum_cases,PopFullyVax,pop,Rt
B.1.1.7,GBR,ARG,2020-09-09,2020-12-28,2.27,2.48,0,0,512274.0,0,45276780.0,1.05
B.1.1.7,GBR,ARG,2020-09-09,2020-12-28,2.27,4.02,0,0,512274.0,0,45276780.0,1.05
B.1.1.7,GBR,ARG,2020-09-09,2020-12-28,2.95,2.48,0,0,512274.0,0,45276780.0,1.05
B.1.1.7,GBR,ARG,2020-09-09,2020-12-28,2.95,4.02,0,0,512274.0,0,45276780.0,1.05
B.1.1.7,GBR,ARG,2020-09-09,2020-12-28,2.27,2.48,0,0,512274.0,0,45276780.0,1.62
B.1.1.7,GBR,ARG,2020-09-09,2020-12-28,2.27,4.02,0,0,512274.0,0,45276780.0,1.62
B.1.1.7,GBR,ARG,2020-09-09,2020-12-28,2.95,2.48,0,0,512274.0,0,45276780.0,1.62
B.1.1.7,GBR,ARG,2020-09-09,2020-12-28,2.95,4.02,0,0,512274.0,0,45276780.0,1.62
B.1.1.7,GBR,ARG,2020-09-09,2020-12-28,2.27,2.48,0,0,512274.0,0,45276780.0,2.63
B.1.1.7,GBR,ARG,2020-09-09,2020-12-28,2.27,4.02,0,0,512274.0,0,45276780.0,2.63
B.1.1.7,GBR,ARG,2020-09-09,2020-12-28,2.95,2.48,0,0,512274.0,0,45276780.0,2.63
B.1.1.7,GBR,ARG,2020-09-09,2020-12-28,2.95,4.02,0,0,512274.0,0,45276780.0,2.63
B.1.1.7,GBR,AUS,2020-09-09,2020-11-30,2.27,2.70,0,0,26396.0,0,25921089.0,1.05
B.1.1.7,GBR,AUS,2020-09-09,2020-11-30,2.27,3.91,0,0,26396.0,0,25921089.0,1.05
B.1.1.7,GBR,AUS,2020-09-09,2020-11-30,2.95,2.70,0,0,26396.0,0,25921089.0,1.05
B.1.1.7,GBR,AUS,2020-09-09,2020-11-30,2.95,3.91,0,0,26396.0,0,25921089.0,1.05
B.1.1.7,GBR,AUS,2020-09-09,2020-11-30,2.27,2.70,0,0,26396.0,0,25921089.0,1.62
B.1.1.7,GBR,AUS,2020-09-09,2020-11-30,2.27,3.91,0,0,26396.0,0,25921089.0,1.62
B.1.1.7,GBR,AUS,2020-09-09,2020-11-30,2.95,2.70,0,0,26396.0,0,25921089.0,1.62
B.1.1.7,GBR,AUS,2020-09-09,2020-11-30,2.95,3.91,0,0,26396.0,0,25921089.0,1.62
B.1.1.7,GBR,AUS,2020-09-09,2020-11-30,2.27,2.70,0,0,26396.0,0,25921089.0,2.63
B.1.1.7,GBR,AUS,2020-09-09,2020-11-30,2.27,3.91,0,0,26396.0,0,25921089.0,2.63
B.1.1.7,GBR,AUS,2020-09-09,2020-11-30,2.95,2.70,0,0,26396.0,0,25921089.0,2.63
B.1.1.7,GBR,AUS,2020-09-09,2020-11-30,2.95,3.91,0,0,26396.0,0,25921089.0,2.63
B.1.1.7,GBR,AUT,2020-09-09,2020-11-30,2.27,2.36,0,0,29813.0,0,8922082.0,1.05
B.1.1.7,GBR,AUT,2020-09-09,2020-11-30,2.27,3.71,0,0,29813.0,0,8922082.0,1.05
B.1.1.7,GBR,AUT,2020-09-09,2020-11-30,2.95,2.36,0,0,29813.0,0,8922082.0,1.05
B.1.1.7,GBR,AUT,2020-09-09,2020-11-30,2.95,3.71,0,0,29813.0,0,8922082.0,1.05
B.1.1.7,GBR,AUT,2020-09-09,2020-11-30,2.27,2.36,0,0,29813.0,0,8922082.0,1.62
B.1.1.7,GBR,AUT,2020-09-09,2020-11-30,2.27,3.71,0,0,29813.0,0,8922082.0,1.62
B.1.1.7,GBR,AUT,2020-09-09,2020-11-30,2.95,2.36,0,0,29813.0,0,8922082.0,1.62
B.1.1.7,GBR,AUT,2020-09-09,2020-11-30,2.95,3.71,0,0,29813.0,0,8922082.0,1.62
B.1.1.7,GBR,AUT,2020-09-09,2020-11-30,2.27,2.36,0,0,29813.0,0,8922082.0,2.63
B.1.1.7,GBR,AUT,2020-09-09,2020-11-30,2.27,3.71,0,0,29813.0,0,8922082.0,2.63
B.1.1.7,GBR,AUT,2020-09-09,2020-11-30,2.95,2.36,0,0,29813.0,0,8922082.0,2.63
B.1.1.7,GBR,AUT,2020-09-09,2020-11-30,2.95,3.71,0,0,29813.0,0,8922082.0,2.63
B.1.1.7,GBR,BEL,2020-09-09,2020-11-30,2.27,2.11,0,0,89377.0,0,11611420.0,1.05
B.1.1.7,GBR,BEL,2020-09-09,2020-11-30,2.27,3.13,0,0,89377.0,0,11611420.0,1.05
B.1.1.7,GBR,BEL,2020-09-09,2020-11-30,2.95,2.11,0,0,89377.0,0,11611420.0,1.05
B.1.1.7,GBR,BEL,2020-09-09,2020-11-30,2.95,3.13,0,0,89377.0,0,11611420.0,1.05
B.1.1.7,GBR,BEL,2020-09-09,2020-11-30,2.27,2.11,0,0,89377.0,0,11611420.0,1.62
B.1.1.7,GBR,BEL,2020-09-09,2020-11-30,2.27,3.13,0,0,89377.0,0,11611420.0,1.62
B.1.1.7,GBR,BEL,2020-09-09,2020-11-30,2.95,2.11,0,0,89377.0,0,11611420.0,1.62
B.1.1.7,GBR,BEL,2020-09-09,2020-11-30,2.95,3.13,0,0,89377.0,0,11611420.0,1.62
B.1.1.7,GBR,BEL,2020-09-09,2020-11-30,2.27,2.11,0,0,89377.0,0,11611420.0,2.63
B.1.1.7,GBR,BEL,2020-09-09,2020-11-30,2.27,3.13,0,0,89377.0,0,11611420.0,2.63
B.1.1.7,GBR,BEL,2020-09-09,2020-11-30,2.95,2.11,0,0,89377.0,0,11611420.0,2.63
B.1.1.7,GBR,BEL,2020-09-09,2020-11-30,2.95,3.13,0,0,89377.0,0,11611420.0,2.63
B.1.1.7,GBR,BGD,2020-09-09,2020-12-28,2.27,45.06,0,0,331075.0,0,169356251.0,1.05
B.1.1.7,GBR,BGD,2020-09-09,2020-12-28,2.27,232.53,0,0,331075.0,0,169356251.0,1.05
B.1.1.7,GBR,BGD,2020-09-09,2020-12-28,2.95,45.06,0,0,331075.0,0,169356251.0,1.05
B.1.1.7,GBR,BGD,2020-09-09,2020-12-28,2.95,232.53,0,0,331075.0,0,169356251.0,1.05
B.1.1.7,GBR,BGD,2020-09-09,2020-12-28,2.27,45.06,0,0,331075.0,0,169356251.0,1.62
B.1.1.7,GBR,BGD,2020-09-09,2020-12-28,2.27,232.53,0,0,331075.0,0,169356251.0,1.62
B.1.1.7,GBR,BGD,2020-09-09,2020-12-28,2.95,45.06,0,0,331075.0,0,169356251.0,1.62
B.1.1.7,GBR,BGD,2020-09-09,2020-12-28,2.95,232.53,0,0,331075.0,0,169356251.0,1.62
B.1.1.7,GBR,BGD,2020-09-09,2020-12-28,2.27,45.06,0,0,331075.0,0,169356251.0,2.63
B.1.1.7,GBR,BGD,2020-09-09,2020-12-28,2.27,232.53,0,0,331075.0,0,169356251.0,2.63
B.1.1.7,GBR,BGD,2020-09-09,2020-12-28,2.95,45.06,0,0,331075.0,0,169356251.0,2.63
B.1.1.7,GBR,BGD,2020-09-09,2020-12-28,2.95,232.53,0,0,331075.0,0,169356251.0,2.63
B.1.1.7,GBR,BGR,2020-09-09,2020-12-14,2.27,7.65,0,0,17428.0,0,6885868.0,1.05
B.1.1.7,GBR,BGR,2020-09-09,2020-12-14,2.27,13.86,0,0,17428.0,0,6885868.0,1.05
B.1.1.7,GBR,BGR,2020-09-09,2020-12-14,2.95,7.65,0,0,17428.0,0,6885868.0,1.05
B.1.1.7,GBR,BGR,2020-09-09,2020-12-14,2.95,13.86,0,0,17428.0,0,6885868.0,1.05
B.1.1.7,GBR,BGR,2020-09-09,2020-12-14,2.27,7.65,0,0,17428.0,0,6885868.0,1.62
B.1.1.7,GBR,BGR,2020-09-09,2020-12-14,2.27,13.86,0,0,17428.0,0,6885868.0,1.62
B.1.1.7,GBR,BGR,2020-09-09,2020-12-14,2.95,7.65,0,0,17428.0,0,6885868.0,1.62
B.1.1.7,GBR,BGR,2020-09-09,2020-12-14,2.95,13.86,0,0,17428.0,0,6885868.0,1.62
B.1.1.7,GBR,BGR,2020-09-09,2020-12-14,2.27,7.65,0,0,17428.0,0,6885868.0,2.63
B.1.1.7,GBR,BGR,2020-09-09,2020-12-14,2.27,13.86,0,0,17428.0,0,6885868.0,2.63
B.1.1.7,GBR,BGR,2020-09-09,2020-12-14,2.95,7.65,0,0,17428.0,0,6885868.0,2.63
B.1.1.7,GBR,BGR,2020-09-09,2020-12-14,2.95,13.86,0,0,17428.0,0,6885868.0,2.63
B.1.1.7,GBR,BHR,2020-09-09,2021-02-08,2.27,2.28,0,0,57255.0,0,1463265.0,1.05
B.1.1.7,GBR,BHR,2020-09-09,2021-02-08,2.27,3.62,0,0,57255.0,0,1463265.0,1.05
B.1.1.7,GBR,BHR,2020-09-09,2021-02-08,2.95,2.28,0,0,57255.0,0,1463265.0,1.05
B.1.1.7,GBR,BHR,2020-09-09,2021-02-08,2.95,3.62,0,0,57255.0,0,1463265.0,1.05
B.1.1.7,GBR,BHR,2020-09-09,2021-02-08,2.27,2.28,0,0,57255.0,0,1463265.0,1.62
B.1.1.7,GBR,BHR,2020-09-09,2021-02-08,2.27,3.62,0,0,57255.0,0,1463265.0,1.62
B.1.1.7,GBR,BHR,2020-09-09,2021-02-08,2.95,2.28,0,0,57255.0,0,1463265.0,1.62
B.1.1.7,GBR,BHR,2020-09-09,2021-02-08,2.95,3.62,0,0,57255.0,0,1463265.0,1.62
B.1.1.7,GBR,BHR,2020-09-09,2021-02-08,2.27,2.28,0,0,57255.0,0,1463265.0,2.63
B.1.1.7,GBR,BHR,2020-09-09,2021-02-08,2.27,3.62,0,0,57255.0,0,1463265.0,2.63
B.1.1.7,GBR,BHR,2020-09-09,2021-02-08,2.95,2.28,0,0,57255.0,0,1463265.0,2.63
B.1.1.7,GBR,BHR,2020-09-09,2021-02-08,2.95,3.62,0,0,57255.0,0,1463265.0,2.63
B.1.1.7,GBR,BRA,2020-09-09,2020-12-28,2.27,5.16,0,0,4225621.0,0,214326223.0,1.05
B.1.1.7,GBR,BRA,2020-09-09,2020-12-28,2.27,6.11,0,0,4225621.0,0,214326223.0,1.05
B.1.1.7,GBR,BRA,2020-09-09,2020-12-28,2.95,5.16,0,0,4225621.0,0,214326223.0,1.05
B.1.1.7,GBR,BRA,2020-09-09,2020-12-28,2.95,6.11,0,0,4225621.0,0,214326223.0,1.05
B.1.1.7,GBR,BRA,2020-09-09,2020-12-28,2.27,5.16,0,0,4225621.0,0,214326223.0,1.62
B.1.1.7,GBR,BRA,2020-09-09,2020-12-28,2.27,6.11,0,0,4225621.0,0,214326223.0,1.62
B.1.1.7,GBR,BRA,2020-09-09,2020-12-28,2.95,5.16,0,0,4225621.0,0,214326223.0,1.62
B.1.1.7,GBR,BRA,2020-09-09,2020-12-28,2.95,6.11,0,0,4225621.0,0,214326223.0,1.62
B.1.1.7,GBR,BRA,2020-09-09,2020-12-28,2.27,5.16,0,0,4225621.0,0,214326223.0,2.63
B.1.1.7,GBR,BRA,2020-09-09,2020-12-28,2.27,6.11,0,0,4225621.0,0,214326223.0,2.63
B.1.1.7,GBR,BRA,2020-09-09,2020-12-28,2.95,5.16,0,0,4225621.0,0,214326223.0,2.63
B.1.1.7,GBR,BRA,2020-09-09,2020-12-28,2.95,6.11,0,0,4225621.0,0,214326223.0,2.63
B.1.1.7,GBR,CAN,2020-09-09,2020-12-07,2.27,2.88,0,0,134911.0,0,38155012.0,1.05
B.1.1.7,GBR,CAN,2020-09-09,2020-12-07,2.27,3.48,0,0,134911.0,0,38155012.0,1.05
B.1.1.7,GBR,CAN,2020-09-09,2020-12-07,2.95,2.88,0,0,134911.0,0,38155012.0,1.05
B.1.1.7,GBR,CAN,2020-09-09,2020-12-07,2.95,3.48,0,0,134911.0,0,38155012.0,1.05
B.1.1.7,GBR,CAN,2020-09-09,2020-12-07,2.27,2.88,0,0,134911.0,0,38155012.0,1.62
B.1.1.7,GBR,CAN,2020-09-09,2020-12-07,2.27,3.48,0,0,134911.0,0,38155012.0,1.62
B.1.1.7,GBR,CAN,2020-09-09,2020-12-07,2.95,2.88,0,0,134911.0,0,38155012.0,1.62
B.1.1.7,GBR,CAN,2020-09-09,2020-12-07,2.95,3.48,0,0,134911.0,0,38155012.0,1.62
B.1.1.7,GBR,CAN,2020-09-09,2020-12-07,2.27,2.88,0,0,134911.0,0,38155012.0,2.63
B.1.1.7,GBR,CAN,2020-09-09,2020-12-07,2.27,3.48,0,0,134911.0,0,38155012.0,2.63
B.1.1.7,GBR,CAN,2020-09-09,2020-12-07,2.95,2.88,0,0,134911.0,0,38155012.0,2.63
B.1.1.7,GBR,CAN,2020-09-09,2020-12-07,2.95,3.48,0,0,134911.0,0,38155012.0,2.63
B.1.1.7,GBR,CHE,2020-09-09,2020-11-16,2.27,1.85,0,0,44654.0,0,8691406.0,1.05
B.1.1.7,GBR,CHE,2020-09-09,2020-11-16,2.27,2.43,0,0,44654.0,0,8691406.0,1.05
B.1.1.7,GBR,CHE,2020-09-09,2020-11-16,2.95,1.85,0,0,44654.0,0,8691406.0,1.05
B.1.1.7,GBR,CHE,2020-09-09,2020-11-16,2.95,2.43,0,0,44654.0,0,8691406.0,1.05
B.1.1.7,GBR,CHE,2020-09-09,2020-11-16,2.27,1.85,0,0,44654.0,0,8691406.0,1.62
B.1.1.7,GBR,CHE,2020-09-09,2020-11-16,2.27,2.43,0,0,44654.0,0,8691406.0,1.62
B.1.1.7,GBR,CHE,2020-09-09,2020-11-16,2.95,1.85,0,0,44654.0,0,8691406.0,1.62
B.1.1.7,GBR,CHE,2020-09-09,2020-11-16,2.95,2.43,0,0,44654.0,0,8691406.0,1.62
B.1.1.7,GBR,CHE,2020-09-09,2020-11-16,2.27,1.85,0,0,44654.0,0,8691406.0,2.63
B.1.1.7,GBR,CHE,2020-09-09,2020-11-16,2.27,2.43,0,0,44654.0,0,8691406.0,2.63
B.1.1.7,GBR,CHE,2020-09-09,2020-11-16,2.95,1.85,0,0,44654.0,0,8691406.0,2.63
B.1.1.7,GBR,CHE,2020-09-09,2020-11-16,2.95,2.43,0,0,44654.0,0,8691406.0,2.63
B.1.1.7,GBR,CHL,2020-09-09,2020-12-28,2.27,2.41,0,0,426992.0,0,19493184.0,1.05
B.1.1.7,GBR,CHL,2020-09-09,2020-12-28,2.27,2.83,0,0,426992.0,0,19493184.0,1.05
B.1.1.7,GBR,CHL,2020-09-09,2020-12-28,2.95,2.41,0,0,426992.0,0,19493184.0,1.05
B.1.1.7,GBR,CHL,2020-09-09,2020-12-28,2.95,2.83,0,0,426992.0,0,19493184.0,1.05
B.1.1.7,GBR,CHL,2020-09-09,2020-12-28,2.27,2.41,0,0,426992.0,0,19493184.0,1.62
B.1.1.7,GBR,CHL,2020-09-09,2020-12-28,2.27,2.83,0,0,426992.0,0,19493184.0,1.62
B.1.1.7,GBR,CHL,2020-09-09,2020-12-28,2.95,2.41,0,0,426992.0,0,19493184.0,1.62
B.1.1.7,GBR,CHL,2020-09-09,2020-12-28,2.95,2.83,0,0,426992.0,0,19493184.0,1.62
B.1.1.7,GBR,CHL,2020-09-09,2020-12-28,2.27,2.41,0,0,426992.0,0,19493184.0,2.63
B.1.1.7,GBR,CHL,2020-09-09,2020-12-28,2.27,2.83,0,0,426992.0,0,19493184.0,2.63
B.1.1.7,GBR,CHL,2020-09-09,2020-12-28,2.95,2.41,0,0,426992.0,0,19493184.0,2.63
B.1.1.7,GBR,CHL,2020-09-09,2020-12-28,2.95,2.83,0,0,426992.0,0,19493184.0,2.63
B.1.1.7,GBR,COL,2020-09-09,2021-03-08,2.27,5.13,0,0,686842.0,0,51516562.0,1.05
B.1.1.7,GBR,COL,2020-09-09,2021-03-08,2.27,6.72,0,0,686842.0,0,51516562.0,1.05
B.1.1.7,GBR,COL,2020-09-09,2021-03-08,2.95,5.13,0,0,686842.0,0,51516562.0,1.05
B.1.1.7,GBR,COL,2020-09-09,2021-03-08,2.95,6.72,0,0,686842.0,0,51516562.0,1.05
B.1.1.7,GBR,COL,2020-09-09,2021-03-08,2.27,5.13,0,0,686842.0,0,51516562.0,1.62
B.1.1.7,GBR,COL,2020-09-09,2021-03-08,2.27,6.72,0,0,686842.0,0,51516562.0,1.62
B.1.1.7,GBR,COL,2020-09-09,2021-03-08,2.95,5.13,0,0,686842.0,0,51516562.0,1.62
B.1.1.7,GBR,COL,2020-09-09,2021-03-08,2.95,6.72,0,0,686842.0,0,51516562.0,1.62
B.1.1.7,GBR,COL,2020-09-09,2021-03-08,2.27,5.13,0,0,686842.0,0,51516562.0,2.63
B.1.1.7,GBR,COL,2020-09-09,2021-03-08,2.27,6.72,0,0,686842.0,0,51516562.0,2.63
B.1.1.7,GBR,COL,2020-09-09,2021-03-08,2.95,5.13,0,0,686842.0,0,51516562.0,2.63
B.1.1.7,GBR,COL,2020-09-09,2021-03-08,2.95,6.72,0,0,686842.0,0,51516562.0,2.63
B.1.1.7,GBR,CRI,2020-09-09,2021-02-22,2.27,4.74,0,0,51202.0,0,5153957.0,1.05
B.1.1.7,GBR,CRI,2020-09-09,2021-02-22,2.27,8.43,0,0,51202.0,0,5153957.0,1.05
B.1.1.7,GBR,CRI,2020-09-09,2021-02-22,2.95,4.74,0,0,51202.0,0,5153957.0,1.05
B.1.1.7,GBR,CRI,2020-09-09,2021-02-22,2.95,8.43,0,0,51202.0,0,5153957.0,1.05
B.1.1.7,GBR,CRI,2020-09-09,2021-02-22,2.27,4.74,0,0,51202.0,0,5153957.0,1.62
B.1.1.7,GBR,CRI,2020-09-09,2021-02-22,2.27,8.43,0,0,51202.0,0,5153957.0,1.62
B.1.1.7,GBR,CRI,2020-09-09,2021-02-22,2.95,4.74,0,0,51202.0,0,5153957.0,1.62
B.1.1.7,GBR,CRI,2020-09-09,2021-02-22,2.95,8.43,0,0,51202.0,0,5153957.0,1.62
B.1.1.7,GBR,CRI,2020-09-09,2021-02-22,2.27,4.74,0,0,51202.0,0,5153957.0,2.63
B.1.1.7,GBR,CRI,2020-09-09,2021-02-22,2.27,8.43,0,0,51202.0,0,5153957.0,2.63
B.1.1.7,GBR,CRI,2020-09-09,2021-02-22,2.95,4.74,0,0,51202.0,0,5153957.0,2.63
B.1.1.7,GBR,CRI,2020-09-09,2021-02-22,2.95,8.43,0,0,51202.0,0,5153957.0,2.63
B.1.1.7,GBR,CZE,2020-09-09,2021-01-11,2.27,4.73,0,0,30942.0,0,10510750.0,1.05
B.1.1.7,GBR,CZE,2020-09-09,2021-01-11,2.27,6.78,0,0,30942.0,0,10510750.0,1.05
B.1.1.7,GBR,CZE,2020-09-09,2021-01-11,2.95,4.73,0,0,30942.0,0,10510750.0,1.05
B.1.1.7,GBR,CZE,2020-09-09,2021-01-11,2.95,6.78,0,0,30942.0,0,10510750.0,1.05
B.1.1.7,GBR,CZE,2020-09-09,2021-01-11,2.27,4.73,0,0,30942.0,0,10510750.0,1.62
B.1.1.7,GBR,CZE,2020-09-09,2021-01-11,2.27,6.78,0,0,30942.0,0,10510750.0,1.62
B.1.1.7,GBR,CZE,2020-09-09,2021-01-11,2.95,4.73,0,0,30942.0,0,10510750.0,1.62
B.1.1.7,GBR,CZE,2020-09-09,2021-01-11,2.95,6.78,0,0,30942.0,0,10510750.0,1.62
B.1.1.7,GBR,CZE,2020-09-09,2021-01-11,2.27,4.73,0,0,30942.0,0,10510750.0,2.63
B.1.1.7,GBR,CZE,2020-09-09,2021-01-11,2.27,6.78,0,0,30942.0,0,10510750.0,2.63
B.1.1.7,GBR,CZE,2020-09-09,2021-01-11,2.95,4.73,0,0,30942.0,0,10510750.0,2.63
B.1.1.7,GBR,CZE,2020-09-09,2021-01-11,2.95,6.78,0,0,30942.0,0,10510750.0,2.63
B.1.1.7,GBR,DEU,2020-09-09,2020-11-30,2.27,2.69,0,0,251105.0,0,83408554.0,1.05
B.1.1.7,GBR,DEU,2020-09-09,2020-11-30,2.27,3.48,0,0,251105.0,0,83408554.0,1.05
B.1.1.7,GBR,DEU,2020-09-09,2020-11-30,2.95,2.69,0,0,251105.0,0,83408554.0,1.05
B.1.1.7,GBR,DEU,2020-09-09,2020-11-30,2.95,3.48,0,0,251105.0,0,83408554.0,1.05
B.1.1.7,GBR,DEU,2020-09-09,2020-11-30,2.27,2.69,0,0,251105.0,0,83408554.0,1.62
B.1.1.7,GBR,DEU,2020-09-09,2020-11-30,2.27,3.48,0,0,251105.0,0,83408554.0,1.62
B.1.1.7,GBR,DEU,2020-09-09,2020-11-30,2.95,2.69,0,0,251105.0,0,83408554.0,1.62
B.1.1.7,GBR,DEU,2020-09-09,2020-11-30,2.95,3.48,0,0,251105.0,0,83408554.0,1.62
B.1.1.7,GBR,DEU,2020-09-09,2020-11-30,2.27,2.69,0,0,251105.0,0,83408554.0,2.63
B.1.1.7,GBR,DEU,2020-09-09,2020-11-30,2.27,3.48,0,0,251105.0,0,83408554.0,2.63
B.1.1.7,GBR,DEU,2020-09-09,2020-11-30,2.95,2.69,0,0,251105.0,0,83408554.0,2.63
B.1.1.7,GBR,DEU,2020-09-09,2020-11-30,2.95,3.48,0,0,251105.0,0,83408554.0,2.63
B.1.1.7,GBR,DNK,2020-09-09,2020-11-23,2.27,1.65,0,0,17992.0,0,5854240.0,1.05
B.1.1.7,GBR,DNK,2020-09-09,2020-11-23,2.27,2.13,0,0,17992.0,0,5854240.0,1.05
B.1.1.7,GBR,DNK,2020-09-09,2020-11-23,2.95,1.65,0,0,17992.0,0,5854240.0,1.05
B.1.1.7,GBR,DNK,2020-09-09,2020-11-23,2.95,2.13,0,0,17992.0,0,5854240.0,1.05
B.1.1.7,GBR,DNK,2020-09-09,2020-11-23,2.27,1.65,0,0,17992.0,0,5854240.0,1.62
B.1.1.7,GBR,DNK,2020-09-09,2020-11-23,2.27,2.13,0,0,17992.0,0,5854240.0,1.62
B.1.1.7,GBR,DNK,2020-09-09,2020-11-23,2.95,1.65,0,0,17992.0,0,5854240.0,1.62
B.1.1.7,GBR,DNK,2020-09-09,2020-11-23,2.95,2.13,0,0,17992.0,0,5854240.0,1.62
B.1.1.7,GBR,DNK,2020-09-09,2020-11-23,2.27,1.65,0,0,17992.0,0,5854240.0,2.63
B.1.1.7,GBR,DNK,2020-09-09,2020-11-23,2.27,2.13,0,0,17992.0,0,5854240.0,2.63
B.1.1.7,GBR,DNK,2020-09-09,2020-11-23,2.95,1.65,0,0,17992.0,0,5854240.0,2.63
B.1.1.7,GBR,DNK,2020-09-09,2020-11-23,2.95,2.13,0,0,17992.0,0,5854240.0,2.63
B.1.1.7,GBR,ECU,2020-09-09,2021-01-11,2.27,14.76,0,0,123215.0,0,17797737.0,1.05
B.1.1.7,GBR,ECU,2020-09-09,2021-01-11,2.27,42.84,0,0,123215.0,0,17797737.0,1.05
B.1.1.7,GBR,ECU,2020-09-09,2021-01-11,2.95,14.76,0,0,123215.0,0,17797737.0,1.05
B.1.1.7,GBR,ECU,2020-09-09,2021-01-11,2.95,42.84,0,0,123215.0,0,17797737.0,1.05
B.1.1.7,GBR,ECU,2020-09-09,2021-01-11,2.27,14.76,0,0,123215.0,0,17797737.0,1.62
B.1.1.7,GBR,ECU,2020-09-09,2021-01-11,2.27,42.84,0,0,123215.0,0,17797737.0,1.62
B.1.1.7,GBR,ECU,2020-09-09,2021-01-11,2.95,14.76,0,0,123215.0,0,17797737.0,1.62
B.1.1.7,GBR,ECU,2020-09-09,2021-01-11,2.95,42.84,0,0,123215.0,0,17797737.0,1.62
B.1.1.7,GBR,ECU,2020-09-09,2021-01-11,2.27,14.76,0,0,123215.0,0,17797737.0,2.63
B.1.1.7,GBR,ECU,2020-09-09,2021-01-11,2.27,42.84,0,0,123215.0,0,17797737.0,2.63
B.1.1.7,GBR,ECU,2020-09-09,2021-01-11,2.95,14.76,0,0,123215.0,0,17797737.0,2.63
B.1.1.7,GBR,ECU,2020-09-09,2021-01-11,2.95,42.84,0,0,123215.0,0,17797737.0,2.63
B.1.1.7,GBR,ESP,2020-09-09,2020-11-02,2.27,1.87,0,0,551508.0,0,47486935.0,1.05
B.1.1.7,GBR,ESP,2020-09-09,2020-11-02,2.27,2.47,0,0,551508.0,0,47486935.0,1.05
B.1.1.7,GBR,ESP,2020-09-09,2020-11-02,2.95,1.87,0,0,551508.0,0,47486935.0,1.05
B.1.1.7,GBR,ESP,2020-09-09,2020-11-02,2.95,2.47,0,0,551508.0,0,47486935.0,1.05
B.1.1.7,GBR,ESP,2020-09-09,2020-11-02,2.27,1.87,0,0,551508.0,0,47486935.0,1.62
B.1.1.7,GBR,ESP,2020-09-09,2020-11-02,2.27,2.47,0,0,551508.0,0,47486935.0,1.62
B.1.1.7,GBR,ESP,2020-09-09,2020-11-02,2.95,1.87,0,0,551508.0,0,47486935.0,1.62
B.1.1.7,GBR,ESP,2020-09-09,2020-11-02,2.95,2.47,0,0,551508.0,0,47486935.0,1.62
B.1.1.7,GBR,ESP,2020-09-09,2020-11-02,2.27,1.87,0,0,551508.0,0,47486935.0,2.63
B.1.1.7,GBR,ESP,2020-09-09,2020-11-02,2.27,2.47,0,0,551508.0,0,47486935.0,2.63
B.1.1.7,GBR,ESP,2020-09-09,2020-11-02,2.95,1.87,0,0,551508.0,0,47486935.0,2.63
B.1.1.7,GBR,ESP,2020-09-09,2020-11-02,2.95,2.47,0,0,551508.0,0,47486935.0,2.63
B.1.1.7,GBR,EST,2020-09-09,2020-12-28,2.27,2.19,0,0,2569.0,0,1328701.0,1.05
B.1.1.7,GBR,EST,2020-09-09,2020-12-28,2.27,3.06,0,0,2569.0,0,1328701.0,1.05
B.1.1.7,GBR,EST,2020-09-09,2020-12-28,2.95,2.19,0,0,2569.0,0,1328701.0,1.05
B.1.1.7,GBR,EST,2020-09-09,2020-12-28,2.95,3.06,0,0,2569.0,0,1328701.0,1.05
B.1.1.7,GBR,EST,2020-09-09,2020-12-28,2.27,2.19,0,0,2569.0,0,1328701.0,1.62
B.1.1.7,GBR,EST,2020-09-09,2020-12-28,2.27,3.06,0,0,2569.0,0,1328701.0,1.62
B.1.1.7,GBR,EST,2020-09-09,2020-12-28,2.95,2.19,0,0,2569.0,0,1328701.0,1.62
B.1.1.7,GBR,EST,2020-09-09,2020-12-28,2.95,3.06,0,0,2569.0,0,1328701.0,1.62
B.1.1.7,GBR,EST,2020-09-09,2020-12-28,2.27,2.19,0,0,2569.0,0,1328701.0,2.63
B.1.1.7,GBR,EST,2020-09-09,2020-12-28,2.27,3.06,0,0,2569.0,0,1328701.0,2.63
B.1.1.7,GBR,EST,2020-09-09,2020-12-28,2.95,2.19,0,0,2569.0,0,1328701.0,2.63
B.1.1.7,GBR,EST,2020-09-09,2020-12-28,2.95,3.06,0,0,2569.0,0,1328701.0,2.63
B.1.1.7,GBR,FIN,2020-09-09,2020-12-14,2.27,2.97,0,0,8349.0,0,5535992.0,1.05
B.1.1.7,GBR,FIN,2020-09-09,2020-12-14,2.27,4.92,0,0,8349.0,0,5535992.0,1.05
B.1.1.7,GBR,FIN,2020-09-09,2020-12-14,2.95,2.97,0,0,8349.0,0,5535992.0,1.05
B.1.1.7,GBR,FIN,2020-09-09,2020-12-14,2.95,4.92,0,0,8349.0,0,5535992.0,1.05
B.1.1.7,GBR,FIN,2020-09-09,2020-12-14,2.27,2.97,0,0,8349.0,0,5535992.0,1.62
B.1.1.7,GBR,FIN,2020-09-09,2020-12-14,2.27,4.92,0,0,8349.0,0,5535992.0,1.62
B.1.1.7,GBR,FIN,2020-09-09,2020-12-14,2.95,2.97,0,0,8349.0,0,5535992.0,1.62
B.1.1.7,GBR,FIN,2020-09-09,2020-12-14,2.95,4.92,0,0,8349.0,0,5535992.0,1.62
B.1.1.7,GBR,FIN,2020-09-09,2020-12-14,2.27,2.97,0,0,8349.0,0,5535992.0,2.63
B.1.1.7,GBR,FIN,2020-09-09,2020-12-14,2.27,4.92,0,0,8349.0,0,5535992.0,2.63
B.1.1.7,GBR,FIN,2020-09-09,2020-12-14,2.95,2.97,0,0,8349.0,0,5535992.0,2.63
B.1.1.7,GBR,FIN,2020-09-09,2020-12-14,2.95,4.92,0,0,8349.0,0,5535992.0,2.63
B.1.1.7,GBR,FRA,2020-09-09,2020-11-02,2.27,1.73,0,0,409878.0,0,67422000.0,1.05
B.1.1.7,GBR,FRA,2020-09-09,2020-11-02,2.27,2.46,0,0,409878.0,0,67422000.0,1.05
B.1.1.7,GBR,FRA,2020-09-09,2020-11-02,2.95,1.73,0,0,409878.0,0,67422000.0,1.05
B.1.1.7,GBR,FRA,2020-09-09,2020-11-02,2.95,2.46,0,0,409878.0,0,67422000.0,1.05
B.1.1.7,GBR,FRA,2020-09-09,2020-11-02,2.27,1.73,0,0,409878.0,0,67422000.0,1.62
B.1.1.7,GBR,FRA,2020-09-09,2020-11-02,2.27,2.46,0,0,409878.0,0,67422000.0,1.62
B.1.1.7,GBR,FRA,2020-09-09,2020-11-02,2.95,1.73,0,0,409878.0,0,67422000.0,1.62
B.1.1.7,GBR,FRA,2020-09-09,2020-11-02,2.95,2.46,0,0,409878.0,0,67422000.0,1.62
B.1.1.7,GBR,FRA,2020-09-09,2020-11-02,2.27,1.73,0,0,409878.0,0,67422000.0,2.63
B.1.1.7,GBR,FRA,2020-09-09,2020-11-02,2.27,2.46,0,0,409878.0,0,67422000.0,2.63
B.1.1.7,GBR,FRA,2020-09-09,2020-11-02,2.95,1.73,0,0,409878.0,0,67422000.0,2.63
B.1.1.7,GBR,FRA,2020-09-09,2020-11-02,2.95,2.46,0,0,409878.0,0,67422000.0,2.63
B.1.1.7,GBR,GEO,2020-09-09,2020-11-16,2.27,6.43,0,0,1749.0,0,3757980.0,1.05
B.1.1.7,GBR,GEO,2020-09-09,2020-11-16,2.27,8.03,0,0,1749.0,0,3757980.0,1.05
B.1.1.7,GBR,GEO,2020-09-09,2020-11-16,2.95,6.43,0,0,1749.0,0,3757980.0,1.05
B.1.1.7,GBR,GEO,2020-09-09,2020-11-16,2.95,8.03,0,0,1749.0,0,3757980.0,1.05
B.1.1.7,GBR,GEO,2020-09-09,2020-11-16,2.27,6.43,0,0,1749.0,0,3757980.0,1.62
B.1.1.7,GBR,GEO,2020-09-09,2020-11-16,2.27,8.03,0,0,1749.0,0,3757980.0,1.62
B.1.1.7,GBR,GEO,2020-09-09,2020-11-16,2.95,6.43,0,0,1749.0,0,3757980.0,1.62
B.1.1.7,GBR,GEO,2020-09-09,2020-11-16,2.95,8.03,0,0,1749.0,0,3757980.0,1.62
B.1.1.7,GBR,GEO,2020-09-09,2020-11-16,2.27,6.43,0,0,1749.0,0,3757980.0,2.63
B.1.1.7,GBR,GEO,2020-09-09,2020-11-16,2.27,8.03,0,0,1749.0,0,3757980.0,2.63
B.1.1.7,GBR,GEO,2020-09-09,2020-11-16,2.95,6.43,0,0,1749.0,0,3757980.0,2.63
B.1.1.7,GBR,GEO,2020-09-09,2020-11-16,2.95,8.03,0,0,1749.0,0,3757980.0,2.63
B.1.1.7,GBR,GHA,2020-09-09,2020-11-16,2.27,87.96,0,0,45313.0,0,32833031.0,1.05
B.1.1.7,GBR,GHA,2020-09-09,2020-11-16,2.27,157.41,0,0,45313.0,0,32833031.0,1.05
B.1.1.7,GBR,GHA,2020-09-09,2020-11-16,2.95,87.96,0,0,45313.0,0,32833031.0,1.05
B.1.1.7,GBR,GHA,2020-09-09,2020-11-16,2.95,157.41,0,0,45313.0,0,32833031.0,1.05
B.1.1.7,GBR,GHA,2020-09-09,2020-11-16,2.27,87.96,0,0,45313.0,0,32833031.0,1.62
B.1.1.7,GBR,GHA,2020-09-09,2020-11-16,2.27,157.41,0,0,45313.0,0,32833031.0,1.62
B.1.1.7,GBR,GHA,2020-09-09,2020-11-16,2.95,87.96,0,0,45313.0,0,32833031.0,1.62
B.1.1.7,GBR,GHA,2020-09-09,2020-11-16,2.95,157.41,0,0,45313.0,0,32833031.0,1.62
B.1.1.7,GBR,GHA,2020-09-09,2020-11-16,2.27,87.96,0,0,45313.0,0,32833031.0,2.63
B.1.1.7,GBR,GHA,2020-09-09,2020-11-16,2.27,157.41,0,0,45313.0,0,32833031.0,2.63
B.1.1.7,GBR,GHA,2020-09-09,2020-11-16,2.95,87.96,0,0,45313.0,0,32833031.0,2.63
B.1.1.7,GBR,GHA,2020-09-09,2020-11-16,2.95,157.41,0,0,45313.0,0,32833031.0,2.63
B.1.1.7,GBR,GRC,2020-09-09,2020-12-14,2.27,2.61,0,0,11981.0,0,10445365.0,1.05
B.1.1.7,GBR,GRC,2020-09-09,2020-12-14,2.27,3.95,0,0,11981.0,0,10445365.0,1.05
B.1.1.7,GBR,GRC,2020-09-09,2020-12-14,2.95,2.61,0,0,11981.0,0,10445365.0,1.05
B.1.1.7,GBR,GRC,2020-09-09,2020-12-14,2.95,3.95,0,0,11981.0,0,10445365.0,1.05
B.1.1.7,GBR,GRC,2020-09-09,2020-12-14,2.27,2.61,0,0,11981.0,0,10445365.0,1.62
B.1.1.7,GBR,GRC,2020-09-09,2020-12-14,2.27,3.95,0,0,11981.0,0,10445365.0,1.62
B.1.1.7,GBR,GRC,2020-09-09,2020-12-14,2.95,2.61,0,0,11981.0,0,10445365.0,1.62
B.1.1.7,GBR,GRC,2020-09-09,2020-12-14,2.95,3.95,0,0,11981.0,0,10445365.0,1.62
B.1.1.7,GBR,GRC,2020-09-09,2020-12-14,2.27,2.61,0,0,11981.0,0,10445365.0,2.63
B.1.1.7,GBR,GRC,2020-09-09,2020-12-14,2.27,3.95,0,0,11981.0,0,10445365.0,2.63
B.1.1.7,GBR,GRC,2020-09-09,2020-12-14,2.95,2.61,0,0,11981.0,0,10445365.0,2.63
B.1.1.7,GBR,GRC,2020-09-09,2020-12-14,2.95,3.95,0,0,11981.0,0,10445365.0,2.63
B.1.1.7,GBR,GTM,2020-09-09,2021-03-08,2.27,21.96,0,0,79622.0,0,17608483.0,1.05
B.1.1.7,GBR,GTM,2020-09-09,2021-03-08,2.27,44.61,0,0,79622.0,0,17608483.0,1.05
B.1.1.7,GBR,GTM,2020-09-09,2021-03-08,2.95,21.96,0,0,79622.0,0,17608483.0,1.05
B.1.1.7,GBR,GTM,2020-09-09,2021-03-08,2.95,44.61,0,0,79622.0,0,17608483.0,1.05
B.1.1.7,GBR,GTM,2020-09-09,2021-03-08,2.27,21.96,0,0,79622.0,0,17608483.0,1.62
B.1.1.7,GBR,GTM,2020-09-09,2021-03-08,2.27,44.61,0,0,79622.0,0,17608483.0,1.62
B.1.1.7,GBR,GTM,2020-09-09,2021-03-08,2.95,21.96,0,0,79622.0,0,17608483.0,1.62
B.1.1.7,GBR,GTM,2020-09-09,2021-03-08,2.95,44.61,0,0,79622.0,0,17608483.0,1.62
B.1.1.7,GBR,GTM,2020-09-09,2021-03-08,2.27,21.96,0,0,79622.0,0,17608483.0,2.63
B.1.1.7,GBR,GTM,2020-09-09,2021-03-08,2.27,44.61,0,0,79622.0,0,17608483.0,2.63
B.1.1.7,GBR,GTM,2020-09-09,2021-03-08,2.95,21.96,0,0,79622.0,0,17608483.0,2.63
B.1.1.7,GBR,GTM,2020-09-09,2021-03-08,2.95,44.61,0,0,79622.0,0,17608483.0,2.63
B.1.1.7,GBR,HKG,2020-09-09,2020-11-30,2.27,1.44,0,0,4772.0,0,7494578.0,1.05
B.1.1.7,GBR,HKG,2020-09-09,2020-11-30,2.27,3.79,0,0,4772.0,0,7494578.0,1.05
B.1.1.7,GBR,HKG,2020-09-09,2020-11-30,2.95,1.44,0,0,4772.0,0,7494578.0,1.05
B.1.1.7,GBR,HKG,2020-09-09,2020-11-30,2.95,3.79,0,0,4772.0,0,7494578.0,1.05
B.1.1.7,GBR,HKG,2020-09-09,2020-11-30,2.27,1.44,0,0,4772.0,0,7494578.0,1.62
B.1.1.7,GBR,HKG,2020-09-09,2020-11-30,2.27,3.79,0,0,4772.0,0,7494578.0,1.62
B.1.1.7,GBR,HKG,2020-09-09,2020-11-30,2.95,1.44,0,0,4772.0,0,7494578.0,1.62
B.1.1.7,GBR,HKG,2020-09-09,2020-11-30,2.95,3.79,0,0,4772.0,0,7494578.0,1.62
B.1.1.7,GBR,HKG,2020-09-09,2020-11-30,2.27,1.44,0,0,4772.0,0,7494578.0,2.63
B.1.1.7,GBR,HKG,2020-09-09,2020-11-30,2.27,3.79,0,0,4772.0,0,7494578.0,2.63
B.1.1.7,GBR,HKG,2020-09-09,2020-11-30,2.95,1.44,0,0,4772.0,0,7494578.0,2.63
B.1.1.7,GBR,HKG,2020-09-09,2020-11-30,2.95,3.79,0,0,4772.0,0,7494578.0,2.63
B.1.1.7,GBR,HRV,2020-09-09,2021-01-25,2.27,5.01,0,0,12607.0,0,4060135.0,1.05
B.1.1.7,GBR,HRV,2020-09-09,2021-01-25,2.27,6.15,0,0,12607.0,0,4060135.0,1.05
B.1.1.7,GBR,HRV,2020-09-09,2021-01-25,2.95,5.01,0,0,12607.0,0,4060135.0,1.05
B.1.1.7,GBR,HRV,2020-09-09,2021-01-25,2.95,6.15,0,0,12607.0,0,4060135.0,1.05
B.1.1.7,GBR,HRV,2020-09-09,2021-01-25,2.27,5.01,0,0,12607.0,0,4060135.0,1.62
B.1.1.7,GBR,HRV,2020-09-09,2021-01-25,2.27,6.15,0,0,12607.0,0,4060135.0,1.62
B.1.1.7,GBR,HRV,2020-09-09,2021-01-25,2.95,5.01,0,0,12607.0,0,4060135.0,1.62
B.1.1.7,GBR,HRV,2020-09-09,2021-01-25,2.95,6.15,0,0,12607.0,0,4060135.0,1.62
B.1.1.7,GBR,HRV,2020-09-09,2021-01-25,2.27,5.01,0,0,12607.0,0,4060135.0,2.63
B.1.1.7,GBR,HRV,2020-09-09,2021-01-25,2.27,6.15,0,0,12607.0,0,4060135.0,2.63
B.1.1.7,GBR,HRV,2020-09-09,2021-01-25,2.95,5.01,0,0,12607.0,0,4060135.0,2.63
B.1.1.7,GBR,HRV,2020-09-09,2021-01-25,2.95,6.15,0,0,12607.0,0,4060135.0,2.63
B.1.1.7,GBR,IDN,2020-09-09,2021-01-11,2.27,41.14,0,0,203308.0,0,273753191.0,1.05
B.1.1.7,GBR,IDN,2020-09-09,2021-01-11,2.27,80.38,0,0,203308.0,0,273753191.0,1.05
B.1.1.7,GBR,IDN,2020-09-09,2021-01-11,2.95,41.14,0,0,203308.0,0,273753191.0,1.05
B.1.1.7,GBR,IDN,2020-09-09,2021-01-11,2.95,80.38,0,0,203308.0,0,273753191.0,1.05
B.1.1.7,GBR,IDN,2020-09-09,2021-01-11,2.27,41.14,0,0,203308.0,0,273753191.0,1.62
B.1.1.7,GBR,IDN,2020-09-09,2021-01-11,2.27,80.38,0,0,203308.0,0,273753191.0,1.62
B.1.1.7,GBR,IDN,2020-09-09,2021-01-11,2.95,41.14,0,0,203308.0,0,273753191.0,1.62
B.1.1.7,GBR,IDN,2020-09-09,2021-01-11,2.95,80.38,0,0,203308.0,0,273753191.0,1.62
B.1.1.7,GBR,IDN,2020-09-09,2021-01-11,2.27,41.14,0,0,203308.0,0,273753191.0,2.63
B.1.1.7,GBR,IDN,2020-09-09,2021-01-11,2.27,80.38,0,0,203308.0,0,273753191.0,2.63
B.1.1.7,GBR,IDN,2020-09-09,2021-01-11,2.95,41.14,0,0,203308.0,0,273753191.0,2.63
B.1.1.7,GBR,IDN,2020-09-09,2021-01-11,2.95,80.38,0,0,203308.0,0,273753191.0,2.63
B.1.1.7,GBR,IND,2020-09-09,2020-11-02,2.27,26.72,0,0,4465790.0,0,1407563842.0,1.05
B.1.1.7,GBR,IND,2020-09-09,2020-11-02,2.27,31.52,0,0,4465790.0,0,1407563842.0,1.05
B.1.1.7,GBR,IND,2020-09-09,2020-11-02,2.95,26.72,0,0,4465790.0,0,1407563842.0,1.05
B.1.1.7,GBR,IND,2020-09-09,2020-11-02,2.95,31.52,0,0,4465790.0,0,1407563842.0,1.05
B.1.1.7,GBR,IND,2020-09-09,2020-11-02,2.27,26.72,0,0,4465790.0,0,1407563842.0,1.62
B.1.1.7,GBR,IND,2020-09-09,2020-11-02,2.27,31.52,0,0,4465790.0,0,1407563842.0,1.62
B.1.1.7,GBR,IND,2020-09-09,2020-11-02,2.95,26.72,0,0,4465790.0,0,1407563842.0,1.62
B.1.1.7,GBR,IND,2020-09-09,2020-11-02,2.95,31.52,0,0,4465790.0,0,1407563842.0,1.62
B.1.1.7,GBR,IND,2020-09-09,2020-11-02,2.27,26.72,0,0,4465790.0,0,1407563842.0,2.63
B.1.1.7,GBR,IND,2020-09-09,2020-11-02,2.27,31.52,0,0,4465790.0,0,1407563842.0,2.63
B.1.1.7,GBR,IND,2020-09-09,2020-11-02,2.95,26.72,0,0,4465790.0,0,1407563842.0,2.63
B.1.1.7,GBR,IND,2020-09-09,2020-11-02,2.95,31.52,0,0,4465790.0,0,1407563842.0,2.63
B.1.1.7,GBR,IRL,2020-09-09,2020-12-14,2.27,2.94,0,0,30121.0,0,4986526.0,1.05
B.1.1.7,GBR,IRL,2020-09-09,2020-12-14,2.27,4.67,0,0,30121.0,0,4986526.0,1.05
B.1.1.7,GBR,IRL,2020-09-09,2020-12-14,2.95,2.94,0,0,30121.0,0,4986526.0,1.05
B.1.1.7,GBR,IRL,2020-09-09,2020-12-14,2.95,4.67,0,0,30121.0,0,4986526.0,1.05
B.1.1.7,GBR,IRL,2020-09-09,2020-12-14,2.27,2.94,0,0,30121.0,0,4986526.0,1.62
B.1.1.7,GBR,IRL,2020-09-09,2020-12-14,2.27,4.67,0,0,30121.0,0,4986526.0,1.62
B.1.1.7,GBR,IRL,2020-09-09,2020-12-14,2.95,2.94,0,0,30121.0,0,4986526.0,1.62
B.1.1.7,GBR,IRL,2020-09-09,2020-12-14,2.95,4.67,0,0,30121.0,0,4986526.0,1.62
B.1.1.7,GBR,IRL,2020-09-09,2020-12-14,2.27,2.94,0,0,30121.0,0,4986526.0,2.63
B.1.1.7,GBR,IRL,2020-09-09,2020-12-14,2.27,4.67,0,0,30121.0,0,4986526.0,2.63
B.1.1.7,GBR,IRL,2020-09-09,2020-12-14,2.95,2.94,0,0,30121.0,0,4986526.0,2.63
B.1.1.7,GBR,IRL,2020-09-09,2020-12-14,2.95,4.67,0,0,30121.0,0,4986526.0,2.63
B.1.1.7,GBR,ISL,2020-09-09,2020-11-30,2.27,1.21,0,0,2050.0,0,370335.0,1.05
B.1.1.7,GBR,ISL,2020-09-09,2020-11-30,2.27,2.65,0,0,2050.0,0,370335.0,1.05
B.1.1.7,GBR,ISL,2020-09-09,2020-11-30,2.95,1.21,0,0,2050.0,0,370335.0,1.05
B.1.1.7,GBR,ISL,2020-09-09,2020-11-30,2.95,2.65,0,0,2050.0,0,370335.0,1.05
B.1.1.7,GBR,ISL,2020-09-09,2020-11-30,2.27,1.21,0,0,2050.0,0,370335.0,1.62
B.1.1.7,GBR,ISL,2020-09-09,2020-11-30,2.27,2.65,0,0,2050.0,0,370335.0,1.62
B.1.1.7,GBR,ISL,2020-09-09,2020-11-30,2.95,1.21,0,0,2050.0,0,370335.0,1.62
B.1.1.7,GBR,ISL,2020-09-09,2020-11-30,2.95,2.65,0,0,2050.0,0,370335.0,1.62
B.1.1.7,GBR,ISL,2020-09-09,2020-11-30,2.27,1.21,0,0,2050.0,0,370335.0,2.63
B.1.1.7,GBR,ISL,2020-09-09,2020-11-30,2.27,2.65,0,0,2050.0,0,370335.0,2.63
B.1.1.7,GBR,ISL,2020-09-09,2020-11-30,2.95,1.21,0,0,2050.0,0,370335.0,2.63
B.1.1.7,GBR,ISL,2020-09-09,2020-11-30,2.95,2.65,0,0,2050.0,0,370335.0,2.63
B.1.1.7,GBR,ISR,2020-09-09,2020-12-14,2.27,2.20,0,0,142109.0,0,9291000.0,1.05
B.1.1.7,GBR,ISR,2020-09-09,2020-12-14,2.27,2.86,0,0,142109.0,0,9291000.0,1.05
B.1.1.7,GBR,ISR,2020-09-09,2020-12-14,2.95,2.20,0,0,142109.0,0,9291000.0,1.05
B.1.1.7,GBR,ISR,2020-09-09,2020-12-14,2.95,2.86,0,0,142109.0,0,9291000.0,1.05
B.1.1.7,GBR,ISR,2020-09-09,2020-12-14,2.27,2.20,0,0,142109.0,0,9291000.0,1.62
B.1.1.7,GBR,ISR,2020-09-09,2020-12-14,2.27,2.86,0,0,142109.0,0,9291000.0,1.62
B.1.1.7,GBR,ISR,2020-09-09,2020-12-14,2.95,2.20,0,0,142109.0,0,9291000.0,1.62
B.1.1.7,GBR,ISR,2020-09-09,2020-12-14,2.95,2.86,0,0,142109.0,0,9291000.0,1.62
B.1.1.7,GBR,ISR,2020-09-09,2020-12-14,2.27,2.20,0,0,142109.0,0,9291000.0,2.63
B.1.1.7,GBR,ISR,2020-09-09,2020-12-14,2.27,2.86,0,0,142109.0,0,9291000.0,2.63
B.1.1.7,GBR,ISR,2020-09-09,2020-12-14,2.95,2.20,0,0,142109.0,0,9291000.0,2.63
B.1.1.7,GBR,ISR,2020-09-09,2020-12-14,2.95,2.86,0,0,142109.0,0,9291000.0,2.63
B.1.1.7,GBR,ITA,2020-09-09,2020-10-05,2.27,2.27,0,0,266618.0,0,59240330.0,1.05
B.1.1.7,GBR,ITA,2020-09-09,2020-10-05,2.27,3.37,0,0,266618.0,0,59240330.0,1.05
B.1.1.7,GBR,ITA,2020-09-09,2020-10-05,2.95,2.27,0,0,266618.0,0,59240330.0,1.05
B.1.1.7,GBR,ITA,2020-09-09,2020-10-05,2.95,3.37,0,0,266618.0,0,59240330.0,1.05
B.1.1.7,GBR,ITA,2020-09-09,2020-10-05,2.27,2.27,0,0,266618.0,0,59240330.0,1.62
B.1.1.7,GBR,ITA,2020-09-09,2020-10-05,2.27,3.37,0,0,266618.0,0,59240330.0,1.62
B.1.1.7,GBR,ITA,2020-09-09,2020-10-05,2.95,2.27,0,0,266618.0,0,59240330.0,1.62
B.1.1.7,GBR,ITA,2020-09-09,2020-10-05,2.95,3.37,0,0,266618.0,0,59240330.0,1.62
B.1.1.7,GBR,ITA,2020-09-09,2020-10-05,2.27,2.27,0,0,266618.0,0,59240330.0,2.63
B.1.1.7,GBR,ITA,2020-09-09,2020-10-05,2.27,3.37,0,0,266618.0,0,59240330.0,2.63
B.1.1.7,GBR,ITA,2020-09-09,2020-10-05,2.95,2.27,0,0,266618.0,0,59240330.0,2.63
B.1.1.7,GBR,ITA,2020-09-09,2020-10-05,2.95,3.37,0,0,266618.0,0,59240330.0,2.63
B.1.1.7,GBR,JAM,2020-09-09,2021-01-18,2.27,4.48,0,0,3435.0,0,2827694.0,1.05
B.1.1.7,GBR,JAM,2020-09-09,2021-01-18,2.27,13.69,0,0,3435.0,0,2827694.0,1.05
B.1.1.7,GBR,JAM,2020-09-09,2021-01-18,2.95,4.48,0,0,3435.0,0,2827694.0,1.05
B.1.1.7,GBR,JAM,2020-09-09,2021-01-18,2.95,13.69,0,0,3435.0,0,2827694.0,1.05
B.1.1.7,GBR,JAM,2020-09-09,2021-01-18,2.27,4.48,0,0,3435.0,0,2827694.0,1.62
B.1.1.7,GBR,JAM,2020-09-09,2021-01-18,2.27,13.69,0,0,3435.0,0,2827694.0,1.62
B.1.1.7,GBR,JAM,2020-09-09,2021-01-18,2.95,4.48,0,0,3435.0,0,2827694.0,1.62
B.1.1.7,GBR,JAM,2020-09-09,2021-01-18,2.95,13.69,0,0,3435.0,0,2827694.0,1.62
B.1.1.7,GBR,JAM,2020-09-09,2021-01-18,2.27,4.48,0,0,3435.0,0,2827694.0,2.63
B.1.1.7,GBR,JAM,2020-09-09,2021-01-18,2.27,13.69,0,0,3435.0,0,2827694.0,2.63
B.1.1.7,GBR,JAM,2020-09-09,2021-01-18,2.95,4.48,0,0,3435.0,0,2827694.0,2.63
B.1.1.7,GBR,JAM,2020-09-09,2021-01-18,2.95,13.69,0,0,3435.0,0,2827694.0,2.63
B.1.1.7,GBR,JPN,2020-09-09,2020-12-14,2.27,5.35,0,0,72515.0,0,124612530.0,1.05
B.1.1.7,GBR,JPN,2020-09-09,2020-12-14,2.27,10.49,0,0,72515.0,0,124612530.0,1.05
B.1.1.7,GBR,JPN,2020-09-09,2020-12-14,2.95,5.35,0,0,72515.0,0,124612530.0,1.05
B.1.1.7,GBR,JPN,2020-09-09,2020-12-14,2.95,10.49,0,0,72515.0,0,124612530.0,1.05
B.1.1.7,GBR,JPN,2020-09-09,2020-12-14,2.27,5.35,0,0,72515.0,0,124612530.0,1.62
B.1.1.7,GBR,JPN,2020-09-09,2020-12-14,2.27,10.49,0,0,72515.0,0,124612530.0,1.62
B.1.1.7,GBR,JPN,2020-09-09,2020-12-14,2.95,5.35,0,0,72515.0,0,124612530.0,1.62
B.1.1.7,GBR,JPN,2020-09-09,2020-12-14,2.95,10.49,0,0,72515.0,0,124612530.0,1.62
B.1.1.7,GBR,JPN,2020-09-09,2020-12-14,2.27,5.35,0,0,72515.0,0,124612530.0,2.63
B.1.1.7,GBR,JPN,2020-09-09,2020-12-14,2.27,10.49,0,0,72515.0,0,124612530.0,2.63
B.1.1.7,GBR,JPN,2020-09-09,2020-12-14,2.95,5.35,0,0,72515.0,0,124612530.0,2.63
B.1.1.7,GBR,JPN,2020-09-09,2020-12-14,2.95,10.49,0,0,72515.0,0,124612530.0,2.63
B.1.1.7,GBR,KEN,2020-09-09,2020-12-14,2.27,161.23,0,0,35460.0,0,53005614.0,1.05
B.1.1.7,GBR,KEN,2020-09-09,2020-12-14,2.27,283.50,0,0,35460.0,0,53005614.0,1.05
B.1.1.7,GBR,KEN,2020-09-09,2020-12-14,2.95,161.23,0,0,35460.0,0,53005614.0,1.05
B.1.1.7,GBR,KEN,2020-09-09,2020-12-14,2.95,283.50,0,0,35460.0,0,53005614.0,1.05
B.1.1.7,GBR,KEN,2020-09-09,2020-12-14,2.27,161.23,0,0,35460.0,0,53005614.0,1.62
B.1.1.7,GBR,KEN,2020-09-09,2020-12-14,2.27,283.50,0,0,35460.0,0,53005614.0,1.62
B.1.1.7,GBR,KEN,2020-09-09,2020-12-14,2.95,161.23,0,0,35460.0,0,53005614.0,1.62
B.1.1.7,GBR,KEN,2020-09-09,2020-12-14,2.95,283.50,0,0,35460.0,0,53005614.0,1.62
B.1.1.7,GBR,KEN,2020-09-09,2020-12-14,2.27,161.23,0,0,35460.0,0,53005614.0,2.63
B.1.1.7,GBR,KEN,2020-09-09,2020-12-14,2.27,283.50,0,0,35460.0,0,53005614.0,2.63
B.1.1.7,GBR,KEN,2020-09-09,2020-12-14,2.95,161.23,0,0,35460.0,0,53005614.0,2.63
B.1.1.7,GBR,KEN,2020-09-09,2020-12-14,2.95,283.50,0,0,35460.0,0,53005614.0,2.63
B.1.1.7,GBR,KHM,2020-09-09,2021-02-08,2.27,114.23,0,0,271.0,0,16589023.0,1.05
B.1.1.7,GBR,KHM,2020-09-09,2021-02-08,2.27,213.55,0,0,271.0,0,16589023.0,1.05
B.1.1.7,GBR,KHM,2020-09-09,2021-02-08,2.95,114.23,0,0,271.0,0,16589023.0,1.05
B.1.1.7,GBR,KHM,2020-09-09,2021-02-08,2.95,213.55,0,0,271.0,0,16589023.0,1.05
B.1.1.7,GBR,KHM,2020-09-09,2021-02-08,2.27,114.23,0,0,271.0,0,16589023.0,1.62
B.1.1.7,GBR,KHM,2020-09-09,2021-02-08,2.27,213.55,0,0,271.0,0,16589023.0,1.62
B.1.1.7,GBR,KHM,2020-09-09,2021-02-08,2.95,114.23,0,0,271.0,0,16589023.0,1.62
B.1.1.7,GBR,KHM,2020-09-09,2021-02-08,2.95,213.55,0,0,271.0,0,16589023.0,1.62
B.1.1.7,GBR,KHM,2020-09-09,2021-02-08,2.27,114.23,0,0,271.0,0,16589023.0,2.63
B.1.1.7,GBR,KHM,2020-09-09,2021-02-08,2.27,213.55,0,0,271.0,0,16589023.0,2.63
B.1.1.7,GBR,KHM,2020-09-09,2021-02-08,2.95,114.23,0,0,271.0,0,16589023.0,2.63
B.1.1.7,GBR,KHM,2020-09-09,2021-02-08,2.95,213.55,0,0,271.0,0,16589023.0,2.63
B.1.1.7,GBR,KOR,2020-09-09,2020-12-14,2.27,4.04,0,0,13874.0,0,51830139.0,1.05
B.1.1.7,GBR,KOR,2020-09-09,2020-12-14,2.27,6.11,0,0,13874.0,0,51830139.0,1.05
B.1.1.7,GBR,KOR,2020-09-09,2020-12-14,2.95,4.04,0,0,13874.0,0,51830139.0,1.05
B.1.1.7,GBR,KOR,2020-09-09,2020-12-14,2.95,6.11,0,0,13874.0,0,51830139.0,1.05
B.1.1.7,GBR,KOR,2020-09-09,2020-12-14,2.27,4.04,0,0,13874.0,0,51830139.0,1.62
B.1.1.7,GBR,KOR,2020-09-09,2020-12-14,2.27,6.11,0,0,13874.0,0,51830139.0,1.62
B.1.1.7,GBR,KOR,2020-09-09,2020-12-14,2.95,4.04,0,0,13874.0,0,51830139.0,1.62
B.1.1.7,GBR,KOR,2020-09-09,2020-12-14,2.95,6.11,0,0,13874.0,0,51830139.0,1.62
B.1.1.7,GBR,KOR,2020-09-09,2020-12-14,2.27,4.04,0,0,13874.0,0,51830139.0,2.63
B.1.1.7,GBR,KOR,2020-09-09,2020-12-14,2.27,6.11,0,0,13874.0,0,51830139.0,2.63
B.1.1.7,GBR,KOR,2020-09-09,2020-12-14,2.95,4.04,0,0,13874.0,0,51830139.0,2.63
B.1.1.7,GBR,KOR,2020-09-09,2020-12-14,2.95,6.11,0,0,13874.0,0,51830139.0,2.63
B.1.1.7,GBR,LBN,2020-09-09,2020-12-28,2.27,4.60,0,0,21816.0,0,5592631.0,1.05
B.1.1.7,GBR,LBN,2020-09-09,2020-12-28,2.27,5.93,0,0,21816.0,0,5592631.0,1.05
B.1.1.7,GBR,LBN,2020-09-09,2020-12-28,2.95,4.60,0,0,21816.0,0,5592631.0,1.05
B.1.1.7,GBR,LBN,2020-09-09,2020-12-28,2.95,5.93,0,0,21816.0,0,5592631.0,1.05
B.1.1.7,GBR,LBN,2020-09-09,2020-12-28,2.27,4.60,0,0,21816.0,0,5592631.0,1.62
B.1.1.7,GBR,LBN,2020-09-09,2020-12-28,2.27,5.93,0,0,21816.0,0,5592631.0,1.62
B.1.1.7,GBR,LBN,2020-09-09,2020-12-28,2.95,4.60,0,0,21816.0,0,5592631.0,1.62
B.1.1.7,GBR,LBN,2020-09-09,2020-12-28,2.95,5.93,0,0,21816.0,0,5592631.0,1.62
B.1.1.7,GBR,LBN,2020-09-09,2020-12-28,2.27,4.60,0,0,21816.0,0,5592631.0,2.63
B.1.1.7,GBR,LBN,2020-09-09,2020-12-28,2.27,5.93,0,0,21816.0,0,5592631.0,2.63
B.1.1.7,GBR,LBN,2020-09-09,2020-12-28,2.95,4.60,0,0,21816.0,0,5592631.0,2.63
B.1.1.7,GBR,LBN,2020-09-09,2020-12-28,2.95,5.93,0,0,21816.0,0,5592631.0,2.63
B.1.1.7,GBR,LKA,2020-09-09,2020-12-28,2.27,6.15,0,0,3145.0,0,21773441.0,1.05
B.1.1.7,GBR,LKA,2020-09-09,2020-12-28,2.27,11.70,0,0,3145.0,0,21773441.0,1.05
B.1.1.7,GBR,LKA,2020-09-09,2020-12-28,2.95,6.15,0,0,3145.0,0,21773441.0,1.05
B.1.1.7,GBR,LKA,2020-09-09,2020-12-28,2.95,11.70,0,0,3145.0,0,21773441.0,1.05
B.1.1.7,GBR,LKA,2020-09-09,2020-12-28,2.27,6.15,0,0,3145.0,0,21773441.0,1.62
B.1.1.7,GBR,LKA,2020-09-09,2020-12-28,2.27,11.70,0,0,3145.0,0,21773441.0,1.62
B.1.1.7,GBR,LKA,2020-09-09,2020-12-28,2.95,6.15,0,0,3145.0,0,21773441.0,1.62
B.1.1.7,GBR,LKA,2020-09-09,2020-12-28,2.95,11.70,0,0,3145.0,0,21773441.0,1.62
B.1.1.7,GBR,LKA,2020-09-09,2020-12-28,2.27,6.15,0,0,3145.0,0,21773441.0,2.63
B.1.1.7,GBR,LKA,2020-09-09,2020-12-28,2.27,11.70,0,0,3145.0,0,21773441.0,2.63
B.1.1.7,GBR,LKA,2020-09-09,2020-12-28,2.95,6.15,0,0,3145.0,0,21773441.0,2.63
B.1.1.7,GBR,LKA,2020-09-09,2020-12-28,2.95,11.70,0,0,3145.0,0,21773441.0,2.63
B.1.1.7,GBR,LTU,2020-09-09,2021-02-08,2.27,3.73,0,0,3145.0,0,2786651.0,1.05
B.1.1.7,GBR,LTU,2020-09-09,2021-02-08,2.27,6.51,0,0,3145.0,0,2786651.0,1.05
B.1.1.7,GBR,LTU,2020-09-09,2021-02-08,2.95,3.73,0,0,3145.0,0,2786651.0,1.05
B.1.1.7,GBR,LTU,2020-09-09,2021-02-08,2.95,6.51,0,0,3145.0,0,2786651.0,1.05
B.1.1.7,GBR,LTU,2020-09-09,2021-02-08,2.27,3.73,0,0,3145.0,0,2786651.0,1.62
B.1.1.7,GBR,LTU,2020-09-09,2021-02-08,2.27,6.51,0,0,3145.0,0,2786651.0,1.62
B.1.1.7,GBR,LTU,2020-09-09,2021-02-08,2.95,3.73,0,0,3145.0,0,2786651.0,1.62
B.1.1.7,GBR,LTU,2020-09-09,2021-02-08,2.95,6.51,0,0,3145.0,0,2786651.0,1.62
B.1.1.7,GBR,LTU,2020-09-09,2021-02-08,2.27,3.73,0,0,3145.0,0,2786651.0,2.63
B.1.1.7,GBR,LTU,2020-09-09,2021-02-08,2.27,6.51,0,0,3145.0,0,2786651.0,2.63
B.1.1.7,GBR,LTU,2020-09-09,2021-02-08,2.95,3.73,0,0,3145.0,0,2786651.0,2.63
B.1.1.7,GBR,LTU,2020-09-09,2021-02-08,2.95,6.51,0,0,3145.0,0,2786651.0,2.63
B.1.1.7,GBR,LUX,2020-09-09,2020-12-28,2.27,1.32,0,0,8352.0,0,639321.0,1.05
B.1.1.7,GBR,LUX,2020-09-09,2020-12-28,2.27,2.02,0,0,8352.0,0,639321.0,1.05
B.1.1.7,GBR,LUX,2020-09-09,2020-12-28,2.95,1.32,0,0,8352.0,0,639321.0,1.05
B.1.1.7,GBR,LUX,2020-09-09,2020-12-28,2.95,2.02,0,0,8352.0,0,639321.0,1.05
B.1.1.7,GBR,LUX,2020-09-09,2020-12-28,2.27,1.32,0,0,8352.0,0,639321.0,1.62
B.1.1.7,GBR,LUX,2020-09-09,2020-12-28,2.27,2.02,0,0,8352.0,0,639321.0,1.62
B.1.1.7,GBR,LUX,2020-09-09,2020-12-28,2.95,1.32,0,0,8352.0,0,639321.0,1.62
B.1.1.7,GBR,LUX,2020-09-09,2020-12-28,2.95,2.02,0,0,8352.0,0,639321.0,1.62
B.1.1.7,GBR,LUX,2020-09-09,2020-12-28,2.27,1.32,0,0,8352.0,0,639321.0,2.63
B.1.1.7,GBR,LUX,2020-09-09,2020-12-28,2.27,2.02,0,0,8352.0,0,639321.0,2.63
B.1.1.7,GBR,LUX,2020-09-09,2020-12-28,2.95,1.32,0,0,8352.0,0,639321.0,2.63
B.1.1.7,GBR,LUX,2020-09-09,2020-12-28,2.95,2.02,0,0,8352.0,0,639321.0,2.63
B.1.1.7,GBR,LVA,2020-09-09,2021-01-11,2.27,6.05,0,0,1433.0,0,1873919.0,1.05
B.1.1.7,GBR,LVA,2020-09-09,2021-01-11,2.27,9.58,0,0,1433.0,0,1873919.0,1.05
B.1.1.7,GBR,LVA,2020-09-09,2021-01-11,2.95,6.05,0,0,1433.0,0,1873919.0,1.05
B.1.1.7,GBR,LVA,2020-09-09,2021-01-11,2.95,9.58,0,0,1433.0,0,1873919.0,1.05
B.1.1.7,GBR,LVA,2020-09-09,2021-01-11,2.27,6.05,0,0,1433.0,0,1873919.0,1.62
B.1.1.7,GBR,LVA,2020-09-09,2021-01-11,2.27,9.58,0,0,1433.0,0,1873919.0,1.62
B.1.1.7,GBR,LVA,2020-09-09,2021-01-11,2.95,6.05,0,0,1433.0,0,1873919.0,1.62
B.1.1.7,GBR,LVA,2020-09-09,2021-01-11,2.95,9.58,0,0,1433.0,0,1873919.0,1.62
B.1.1.7,GBR,LVA,2020-09-09,2021-01-11,2.27,6.05,0,0,1433.0,0,1873919.0,2.63
B.1.1.7,GBR,LVA,2020-09-09,2021-01-11,2.27,9.58,0,0,1433.0,0,1873919.0,2.63
B.1.1.7,GBR,LVA,2020-09-09,2021-01-11,2.95,6.05,0,0,1433.0,0,1873919.0,2.63
B.1.1.7,GBR,LVA,2020-09-09,2021-01-11,2.95,9.58,0,0,1433.0,0,1873919.0,2.63
B.1.1.7,GBR,MEX,2020-09-09,2020-12-28,2.27,27.64,0,0,647309.0,0,126705138.0,1.05
B.1.1.7,GBR,MEX,2020-09-09,2020-12-28,2.27,34.23,0,0,647309.0,0,126705138.0,1.05
B.1.1.7,GBR,MEX,2020-09-09,2020-12-28,2.95,27.64,0,0,647309.0,0,126705138.0,1.05
B.1.1.7,GBR,MEX,2020-09-09,2020-12-28,2.95,34.23,0,0,647309.0,0,126705138.0,1.05
B.1.1.7,GBR,MEX,2020-09-09,2020-12-28,2.27,27.64,0,0,647309.0,0,126705138.0,1.62
B.1.1.7,GBR,MEX,2020-09-09,2020-12-28,2.27,34.23,0,0,647309.0,0,126705138.0,1.62
B.1.1.7,GBR,MEX,2020-09-09,2020-12-28,2.95,27.64,0,0,647309.0,0,126705138.0,1.62
B.1.1.7,GBR,MEX,2020-09-09,2020-12-28,2.95,34.23,0,0,647309.0,0,126705138.0,1.62
B.1.1.7,GBR,MEX,2020-09-09,2020-12-28,2.27,27.64,0,0,647309.0,0,126705138.0,2.63
B.1.1.7,GBR,MEX,2020-09-09,2020-12-28,2.27,34.23,0,0,647309.0,0,126705138.0,2.63
B.1.1.7,GBR,MEX,2020-09-09,2020-12-28,2.95,27.64,0,0,647309.0,0,126705138.0,2.63
B.1.1.7,GBR,MEX,2020-09-09,2020-12-28,2.95,34.23,0,0,647309.0,0,126705138.0,2.63
B.1.1.7,GBR,MYS,2020-09-09,2020-12-28,2.27,4.54,0,0,9425.0,0,33573874.0,1.05
B.1.1.7,GBR,MYS,2020-09-09,2020-12-28,2.27,10.49,0,0,9425.0,0,33573874.0,1.05
B.1.1.7,GBR,MYS,2020-09-09,2020-12-28,2.95,4.54,0,0,9425.0,0,33573874.0,1.05
B.1.1.7,GBR,MYS,2020-09-09,2020-12-28,2.95,10.49,0,0,9425.0,0,33573874.0,1.05
B.1.1.7,GBR,MYS,2020-09-09,2020-12-28,2.27,4.54,0,0,9425.0,0,33573874.0,1.62
B.1.1.7,GBR,MYS,2020-09-09,2020-12-28,2.27,10.49,0,0,9425.0,0,33573874.0,1.62
B.1.1.7,GBR,MYS,2020-09-09,2020-12-28,2.95,4.54,0,0,9425.0,0,33573874.0,1.62
B.1.1.7,GBR,MYS,2020-09-09,2020-12-28,2.95,10.49,0,0,9425.0,0,33573874.0,1.62
B.1.1.7,GBR,MYS,2020-09-09,2020-12-28,2.27,4.54,0,0,9425.0,0,33573874.0,2.63
B.1.1.7,GBR,MYS,2020-09-09,2020-12-28,2.27,10.49,0,0,9425.0,0,33573874.0,2.63
B.1.1.7,GBR,MYS,2020-09-09,2020-12-28,2.95,4.54,0,0,9425.0,0,33573874.0,2.63
B.1.1.7,GBR,MYS,2020-09-09,2020-12-28,2.95,10.49,0,0,9425.0,0,33573874.0,2.63
B.1.1.7,GBR,NGA,2020-09-09,2020-12-14,2.27,513.39,0,0,55630.0,0,213401323.0,1.05
B.1.1.7,GBR,NGA,2020-09-09,2020-12-14,2.27,767.81,0,0,55630.0,0,213401323.0,1.05
B.1.1.7,GBR,NGA,2020-09-09,2020-12-14,2.95,513.39,0,0,55630.0,0,213401323.0,1.05
B.1.1.7,GBR,NGA,2020-09-09,2020-12-14,2.95,767.81,0,0,55630.0,0,213401323.0,1.05
B.1.1.7,GBR,NGA,2020-09-09,2020-12-14,2.27,513.39,0,0,55630.0,0,213401323.0,1.62
B.1.1.7,GBR,NGA,2020-09-09,2020-12-14,2.27,767.81,0,0,55630.0,0,213401323.0,1.62
B.1.1.7,GBR,NGA,2020-09-09,2020-12-14,2.95,513.39,0,0,55630.0,0,213401323.0,1.62
B.1.1.7,GBR,NGA,2020-09-09,2020-12-14,2.95,767.81,0,0,55630.0,0,213401323.0,1.62
B.1.1.7,GBR,NGA,2020-09-09,2020-12-14,2.27,513.39,0,0,55630.0,0,213401323.0,2.63
B.1.1.7,GBR,NGA,2020-09-09,2020-12-14,2.27,767.81,0,0,55630.0,0,213401323.0,2.63
B.1.1.7,GBR,NGA,2020-09-09,2020-12-14,2.95,513.39,0,0,55630.0,0,213401323.0,2.63
B.1.1.7,GBR,NGA,2020-09-09,2020-12-14,2.95,767.81,0,0,55630.0,0,213401323.0,2.63
B.1.1.7,GBR,NLD,2020-09-09,2020-11-16,2.27,1.70,0,0,78237.0,0,17501696.0,1.05
B.1.1.7,GBR,NLD,2020-09-09,2020-11-16,2.27,2.16,0,0,78237.0,0,17501696.0,1.05
B.1.1.7,GBR,NLD,2020-09-09,2020-11-16,2.95,1.70,0,0,78237.0,0,17501696.0,1.05
B.1.1.7,GBR,NLD,2020-09-09,2020-11-16,2.95,2.16,0,0,78237.0,0,17501696.0,1.05
B.1.1.7,GBR,NLD,2020-09-09,2020-11-16,2.27,1.70,0,0,78237.0,0,17501696.0,1.62
B.1.1.7,GBR,NLD,2020-09-09,2020-11-16,2.27,2.16,0,0,78237.0,0,17501696.0,1.62
B.1.1.7,GBR,NLD,2020-09-09,2020-11-16,2.95,1.70,0,0,78237.0,0,17501696.0,1.62
B.1.1.7,GBR,NLD,2020-09-09,2020-11-16,2.95,2.16,0,0,78237.0,0,17501696.0,1.62
B.1.1.7,GBR,NLD,2020-09-09,2020-11-16,2.27,1.70,0,0,78237.0,0,17501696.0,2.63
B.1.1.7,GBR,NLD,2020-09-09,2020-11-16,2.27,2.16,0,0,78237.0,0,17501696.0,2.63
B.1.1.7,GBR,NLD,2020-09-09,2020-11-16,2.95,1.70,0,0,78237.0,0,17501696.0,2.63
B.1.1.7,GBR,NLD,2020-09-09,2020-11-16,2.95,2.16,0,0,78237.0,0,17501696.0,2.63
B.1.1.7,GBR,NOR,2020-09-09,2020-12-14,2.27,1.75,0,0,11044.0,0,5403021.0,1.05
B.1.1.7,GBR,NOR,2020-09-09,2020-12-14,2.27,2.47,0,0,11044.0,0,5403021.0,1.05
B.1.1.7,GBR,NOR,2020-09-09,2020-12-14,2.95,1.75,0,0,11044.0,0,5403021.0,1.05
B.1.1.7,GBR,NOR,2020-09-09,2020-12-14,2.95,2.47,0,0,11044.0,0,5403021.0,1.05
B.1.1.7,GBR,NOR,2020-09-09,2020-12-14,2.27,1.75,0,0,11044.0,0,5403021.0,1.62
B.1.1.7,GBR,NOR,2020-09-09,2020-12-14,2.27,2.47,0,0,11044.0,0,5403021.0,1.62
B.1.1.7,GBR,NOR,2020-09-09,2020-12-14,2.95,1.75,0,0,11044.0,0,5403021.0,1.62
B.1.1.7,GBR,NOR,2020-09-09,2020-12-14,2.95,2.47,0,0,11044.0,0,5403021.0,1.62
B.1.1.7,GBR,NOR,2020-09-09,2020-12-14,2.27,1.75,0,0,11044.0,0,5403021.0,2.63
B.1.1.7,GBR,NOR,2020-09-09,2020-12-14,2.27,2.47,0,0,11044.0,0,5403021.0,2.63
B.1.1.7,GBR,NOR,2020-09-09,2020-12-14,2.95,1.75,0,0,11044.0,0,5403021.0,2.63
B.1.1.7,GBR,NOR,2020-09-09,2020-12-14,2.95,2.47,0,0,11044.0,0,5403021.0,2.63
B.1.1.7,GBR,NPL,2020-09-09,2021-04-19,2.27,23.52,0,0,49219.0,0,30034989.0,1.05
B.1.1.7,GBR,NPL,2020-09-09,2021-04-19,2.27,35.89,0,0,49219.0,0,30034989.0,1.05
B.1.1.7,GBR,NPL,2020-09-09,2021-04-19,2.95,23.52,0,0,49219.0,0,30034989.0,1.05
B.1.1.7,GBR,NPL,2020-09-09,2021-04-19,2.95,35.89,0,0,49219.0,0,30034989.0,1.05
B.1.1.7,GBR,NPL,2020-09-09,2021-04-19,2.27,23.52,0,0,49219.0,0,30034989.0,1.62
B.1.1.7,GBR,NPL,2020-09-09,2021-04-19,2.27,35.89,0,0,49219.0,0,30034989.0,1.62
B.1.1.7,GBR,NPL,2020-09-09,2021-04-19,2.95,23.52,0,0,49219.0,0,30034989.0,1.62
B.1.1.7,GBR,NPL,2020-09-09,2021-04-19,2.95,35.89,0,0,49219.0,0,30034989.0,1.62
B.1.1.7,GBR,NPL,2020-09-09,2021-04-19,2.27,23.52,0,0,49219.0,0,30034989.0,2.63
B.1.1.7,GBR,NPL,2020-09-09,2021-04-19,2.27,35.89,0,0,49219.0,0,30034989.0,2.63
B.1.1.7,GBR,NPL,2020-09-09,2021-04-19,2.95,23.52,0,0,49219.0,0,30034989.0,2.63
B.1.1.7,GBR,NPL,2020-09-09,2021-04-19,2.95,35.89,0,0,49219.0,0,30034989.0,2.63
B.1.1.7,GBR,NZL,2020-09-09,2020-12-14,2.27,3.34,0,0,1789.0,0,5129728.0,1.05
B.1.1.7,GBR,NZL,2020-09-09,2020-12-14,2.27,5.02,0,0,1789.0,0,5129728.0,1.05
B.1.1.7,GBR,NZL,2020-09-09,2020-12-14,2.95,3.34,0,0,1789.0,0,5129728.0,1.05
B.1.1.7,GBR,NZL,2020-09-09,2020-12-14,2.95,5.02,0,0,1789.0,0,5129728.0,1.05
B.1.1.7,GBR,NZL,2020-09-09,2020-12-14,2.27,3.34,0,0,1789.0,0,5129728.0,1.62
B.1.1.7,GBR,NZL,2020-09-09,2020-12-14,2.27,5.02,0,0,1789.0,0,5129728.0,1.62
B.1.1.7,GBR,NZL,2020-09-09,2020-12-14,2.95,3.34,0,0,1789.0,0,5129728.0,1.62
B.1.1.7,GBR,NZL,2020-09-09,2020-12-14,2.95,5.02,0,0,1789.0,0,5129728.0,1.62
B.1.1.7,GBR,NZL,2020-09-09,2020-12-14,2.27,3.34,0,0,1789.0,0,5129728.0,2.63
B.1.1.7,GBR,NZL,2020-09-09,2020-12-14,2.27,5.02,0,0,1789.0,0,5129728.0,2.63
B.1.1.7,GBR,NZL,2020-09-09,2020-12-14,2.95,3.34,0,0,1789.0,0,5129728.0,2.63
B.1.1.7,GBR,NZL,2020-09-09,2020-12-14,2.95,5.02,0,0,1789.0,0,5129728.0,2.63
B.1.1.7,GBR,PAK,2020-09-09,2020-12-28,2.27,114.84,0,0,300002.0,0,231402116.0,1.05
B.1.1.7,GBR,PAK,2020-09-09,2020-12-28,2.27,204.44,0,0,300002.0,0,231402116.0,1.05
B.1.1.7,GBR,PAK,2020-09-09,2020-12-28,2.95,114.84,0,0,300002.0,0,231402116.0,1.05
B.1.1.7,GBR,PAK,2020-09-09,2020-12-28,2.95,204.44,0,0,300002.0,0,231402116.0,1.05
B.1.1.7,GBR,PAK,2020-09-09,2020-12-28,2.27,114.84,0,0,300002.0,0,231402116.0,1.62
B.1.1.7,GBR,PAK,2020-09-09,2020-12-28,2.27,204.44,0,0,300002.0,0,231402116.0,1.62
B.1.1.7,GBR,PAK,2020-09-09,2020-12-28,2.95,114.84,0,0,300002.0,0,231402116.0,1.62
B.1.1.7,GBR,PAK,2020-09-09,2020-12-28,2.95,204.44,0,0,300002.0,0,231402116.0,1.62
B.1.1.7,GBR,PAK,2020-09-09,2020-12-28,2.27,114.84,0,0,300002.0,0,231402116.0,2.63
B.1.1.7,GBR,PAK,2020-09-09,2020-12-28,2.27,204.44,0,0,300002.0,0,231402116.0,2.63
B.1.1.7,GBR,PAK,2020-09-09,2020-12-28,2.95,114.84,0,0,300002.0,0,231402116.0,2.63
B.1.1.7,GBR,PAK,2020-09-09,2020-12-28,2.95,204.44,0,0,300002.0,0,231402116.0,2.63
B.1.1.7,GBR,PAN,2020-09-09,2021-03-22,2.27,4.21,0,0,99031.0,0,4351267.0,1.05
B.1.1.7,GBR,PAN,2020-09-09,2021-03-22,2.27,6.93,0,0,99031.0,0,4351267.0,1.05
B.1.1.7,GBR,PAN,2020-09-09,2021-03-22,2.95,4.21,0,0,99031.0,0,4351267.0,1.05
B.1.1.7,GBR,PAN,2020-09-09,2021-03-22,2.95,6.93,0,0,99031.0,0,4351267.0,1.05
B.1.1.7,GBR,PAN,2020-09-09,2021-03-22,2.27,4.21,0,0,99031.0,0,4351267.0,1.62
B.1.1.7,GBR,PAN,2020-09-09,2021-03-22,2.27,6.93,0,0,99031.0,0,4351267.0,1.62
B.1.1.7,GBR,PAN,2020-09-09,2021-03-22,2.95,4.21,0,0,99031.0,0,4351267.0,1.62
B.1.1.7,GBR,PAN,2020-09-09,2021-03-22,2.95,6.93,0,0,99031.0,0,4351267.0,1.62
B.1.1.7,GBR,PAN,2020-09-09,2021-03-22,2.27,4.21,0,0,99031.0,0,4351267.0,2.63
B.1.1.7,GBR,PAN,2020-09-09,2021-03-22,2.27,6.93,0,0,99031.0,0,4351267.0,2.63
B.1.1.7,GBR,PAN,2020-09-09,2021-03-22,2.95,4.21,0,0,99031.0,0,4351267.0,2.63
B.1.1.7,GBR,PAN,2020-09-09,2021-03-22,2.95,6.93,0,0,99031.0,0,4351267.0,2.63
B.1.1.7,GBR,PER,2020-09-09,2020-12-28,2.27,9.90,0,0,696175.0,0,33715472.0,1.05
B.1.1.7,GBR,PER,2020-09-09,2020-12-28,2.27,13.74,0,0,696175.0,0,33715472.0,1.05
B.1.1.7,GBR,PER,2020-09-09,2020-12-28,2.95,9.90,0,0,696175.0,0,33715472.0,1.05
B.1.1.7,GBR,PER,2020-09-09,2020-12-28,2.95,13.74,0,0,696175.0,0,33715472.0,1.05
B.1.1.7,GBR,PER,2020-09-09,2020-12-28,2.27,9.90,0,0,696175.0,0,33715472.0,1.62
B.1.1.7,GBR,PER,2020-09-09,2020-12-28,2.27,13.74,0,0,696175.0,0,33715472.0,1.62
B.1.1.7,GBR,PER,2020-09-09,2020-12-28,2.95,9.90,0,0,696175.0,0,33715472.0,1.62
B.1.1.7,GBR,PER,2020-09-09,2020-12-28,2.95,13.74,0,0,696175.0,0,33715472.0,1.62
B.1.1.7,GBR,PER,2020-09-09,2020-12-28,2.27,9.90,0,0,696175.0,0,33715472.0,2.63
B.1.1.7,GBR,PER,2020-09-09,2020-12-28,2.27,13.74,0,0,696175.0,0,33715472.0,2.63
B.1.1.7,GBR,PER,2020-09-09,2020-12-28,2.95,9.90,0,0,696175.0,0,33715472.0,2.63
B.1.1.7,GBR,PER,2020-09-09,2020-12-28,2.95,13.74,0,0,696175.0,0,33715472.0,2.63
B.1.1.7,GBR,PHL,2020-09-09,2020-12-14,2.27,16.60,0,0,245091.0,0,113880328.0,1.05
B.1.1.7,GBR,PHL,2020-09-09,2020-12-14,2.27,34.79,0,0,245091.0,0,113880328.0,1.05
B.1.1.7,GBR,PHL,2020-09-09,2020-12-14,2.95,16.60,0,0,245091.0,0,113880328.0,1.05
B.1.1.7,GBR,PHL,2020-09-09,2020-12-14,2.95,34.79,0,0,245091.0,0,113880328.0,1.05
B.1.1.7,GBR,PHL,2020-09-09,2020-12-14,2.27,16.60,0,0,245091.0,0,113880328.0,1.62
B.1.1.7,GBR,PHL,2020-09-09,2020-12-14,2.27,34.79,0,0,245091.0,0,113880328.0,1.62
B.1.1.7,GBR,PHL,2020-09-09,2020-12-14,2.95,16.60,0,0,245091.0,0,113880328.0,1.62
B.1.1.7,GBR,PHL,2020-09-09,2020-12-14,2.95,34.79,0,0,245091.0,0,113880328.0,1.62
B.1.1.7,GBR,PHL,2020-09-09,2020-12-14,2.27,16.60,0,0,245091.0,0,113880328.0,2.63
B.1.1.7,GBR,PHL,2020-09-09,2020-12-14,2.27,34.79,0,0,245091.0,0,113880328.0,2.63
B.1.1.7,GBR,PHL,2020-09-09,2020-12-14,2.95,16.60,0,0,245091.0,0,113880328.0,2.63
B.1.1.7,GBR,PHL,2020-09-09,2020-12-14,2.95,34.79,0,0,245091.0,0,113880328.0,2.63
B.1.1.7,GBR,POL,2020-09-09,2020-12-28,2.27,6.44,0,0,71898.0,0,38307726.0,1.05
B.1.1.7,GBR,POL,2020-09-09,2020-12-28,2.27,8.55,0,0,71898.0,0,38307726.0,1.05
B.1.1.7,GBR,POL,2020-09-09,2020-12-28,2.95,6.44,0,0,71898.0,0,38307726.0,1.05
B.1.1.7,GBR,POL,2020-09-09,2020-12-28,2.95,8.55,0,0,71898.0,0,38307726.0,1.05
B.1.1.7,GBR,POL,2020-09-09,2020-12-28,2.27,6.44,0,0,71898.0,0,38307726.0,1.62
B.1.1.7,GBR,POL,2020-09-09,2020-12-28,2.27,8.55,0,0,71898.0,0,38307726.0,1.62
B.1.1.7,GBR,POL,2020-09-09,2020-12-28,2.95,6.44,0,0,71898.0,0,38307726.0,1.62
B.1.1.7,GBR,POL,2020-09-09,2020-12-28,2.95,8.55,0,0,71898.0,0,38307726.0,1.62
B.1.1.7,GBR,POL,2020-09-09,2020-12-28,2.27,6.44,0,0,71898.0,0,38307726.0,2.63
B.1.1.7,GBR,POL,2020-09-09,2020-12-28,2.27,8.55,0,0,71898.0,0,38307726.0,2.63
B.1.1.7,GBR,POL,2020-09-09,2020-12-28,2.95,6.44,0,0,71898.0,0,38307726.0,2.63
B.1.1.7,GBR,POL,2020-09-09,2020-12-28,2.95,8.55,0,0,71898.0,0,38307726.0,2.63
B.1.1.7,GBR,PRT,2020-09-09,2020-11-16,2.27,1.85,0,0,61643.0,0,10290103.0,1.05
B.1.1.7,GBR,PRT,2020-09-09,2020-11-16,2.27,3.62,0,0,61643.0,0,10290103.0,1.05
B.1.1.7,GBR,PRT,2020-09-09,2020-11-16,2.95,1.85,0,0,61643.0,0,10290103.0,1.05
B.1.1.7,GBR,PRT,2020-09-09,2020-11-16,2.95,3.62,0,0,61643.0,0,10290103.0,1.05
B.1.1.7,GBR,PRT,2020-09-09,2020-11-16,2.27,1.85,0,0,61643.0,0,10290103.0,1.62
B.1.1.7,GBR,PRT,2020-09-09,2020-11-16,2.27,3.62,0,0,61643.0,0,10290103.0,1.62
B.1.1.7,GBR,PRT,2020-09-09,2020-11-16,2.95,1.85,0,0,61643.0,0,10290103.0,1.62
B.1.1.7,GBR,PRT,2020-09-09,2020-11-16,2.95,3.62,0,0,61643.0,0,10290103.0,1.62
B.1.1.7,GBR,PRT,2020-09-09,2020-11-16,2.27,1.85,0,0,61643.0,0,10290103.0,2.63
B.1.1.7,GBR,PRT,2020-09-09,2020-11-16,2.27,3.62,0,0,61643.0,0,10290103.0,2.63
B.1.1.7,GBR,PRT,2020-09-09,2020-11-16,2.95,1.85,0,0,61643.0,0,10290103.0,2.63
B.1.1.7,GBR,PRT,2020-09-09,2020-11-16,2.95,3.62,0,0,61643.0,0,10290103.0,2.63
B.1.1.7,GBR,QAT,2020-09-09,2020-12-28,2.27,4.02,0,0,120584.0,0,2688235.0,1.05
B.1.1.7,GBR,QAT,2020-09-09,2020-12-28,2.27,12.66,0,0,120584.0,0,2688235.0,1.05
B.1.1.7,GBR,QAT,2020-09-09,2020-12-28,2.95,4.02,0,0,120584.0,0,2688235.0,1.05
B.1.1.7,GBR,QAT,2020-09-09,2020-12-28,2.95,12.66,0,0,120584.0,0,2688235.0,1.05
B.1.1.7,GBR,QAT,2020-09-09,2020-12-28,2.27,4.02,0,0,120584.0,0,2688235.0,1.62
B.1.1.7,GBR,QAT,2020-09-09,2020-12-28,2.27,12.66,0,0,120584.0,0,2688235.0,1.62
B.1.1.7,GBR,QAT,2020-09-09,2020-12-28,2.95,4.02,0,0,120584.0,0,2688235.0,1.62
B.1.1.7,GBR,QAT,2020-09-09,2020-12-28,2.95,12.66,0,0,120584.0,0,2688235.0,1.62
B.1.1.7,GBR,QAT,2020-09-09,2020-12-28,2.27,4.02,0,0,120584.0,0,2688235.0,2.63
B.1.1.7,GBR,QAT,2020-09-09,2020-12-28,2.27,12.66,0,0,120584.0,0,2688235.0,2.63
B.1.1.7,GBR,QAT,2020-09-09,2020-12-28,2.95,4.02,0,0,120584.0,0,2688235.0,2.63
B.1.1.7,GBR,QAT,2020-09-09,2020-12-28,2.95,12.66,0,0,120584.0,0,2688235.0,2.63
B.1.1.7,GBR,ROU,2020-09-09,2020-10-05,2.27,6.85,0,0,98255.0,0,19328560.0,1.05
B.1.1.7,GBR,ROU,2020-09-09,2020-10-05,2.27,9.90,0,0,98255.0,0,19328560.0,1.05
B.1.1.7,GBR,ROU,2020-09-09,2020-10-05,2.95,6.85,0,0,98255.0,0,19328560.0,1.05
B.1.1.7,GBR,ROU,2020-09-09,2020-10-05,2.95,9.90,0,0,98255.0,0,19328560.0,1.05
B.1.1.7,GBR,ROU,2020-09-09,2020-10-05,2.27,6.85,0,0,98255.0,0,19328560.0,1.62
B.1.1.7,GBR,ROU,2020-09-09,2020-10-05,2.27,9.90,0,0,98255.0,0,19328560.0,1.62
B.1.1.7,GBR,ROU,2020-09-09,2020-10-05,2.95,6.85,0,0,98255.0,0,19328560.0,1.62
B.1.1.7,GBR,ROU,2020-09-09,2020-10-05,2.95,9.90,0,0,98255.0,0,19328560.0,1.62
B.1.1.7,GBR,ROU,2020-09-09,2020-10-05,2.27,6.85,0,0,98255.0,0,19328560.0,2.63
B.1.1.7,GBR,ROU,2020-09-09,2020-10-05,2.27,9.90,0,0,98255.0,0,19328560.0,2.63
B.1.1.7,GBR,ROU,2020-09-09,2020-10-05,2.95,6.85,0,0,98255.0,0,19328560.0,2.63
B.1.1.7,GBR,ROU,2020-09-09,2020-10-05,2.95,9.90,0,0,98255.0,0,19328560.0,2.63
B.1.1.7,GBR,RUS,2020-09-09,2020-12-28,2.27,16.89,0,0,1037498.0,0,145102755.0,1.05
B.1.1.7,GBR,RUS,2020-09-09,2020-12-28,2.27,24.25,0,0,1037498.0,0,145102755.0,1.05
B.1.1.7,GBR,RUS,2020-09-09,2020-12-28,2.95,16.89,0,0,1037498.0,0,145102755.0,1.05
B.1.1.7,GBR,RUS,2020-09-09,2020-12-28,2.95,24.25,0,0,1037498.0,0,145102755.0,1.05
B.1.1.7,GBR,RUS,2020-09-09,2020-12-28,2.27,16.89,0,0,1037498.0,0,145102755.0,1.62
B.1.1.7,GBR,RUS,2020-09-09,2020-12-28,2.27,24.25,0,0,1037498.0,0,145102755.0,1.62
B.1.1.7,GBR,RUS,2020-09-09,2020-12-28,2.95,16.89,0,0,1037498.0,0,145102755.0,1.62
B.1.1.7,GBR,RUS,2020-09-09,2020-12-28,2.95,24.25,0,0,1037498.0,0,145102755.0,1.62
B.1.1.7,GBR,RUS,2020-09-09,2020-12-28,2.27,16.89,0,0,1037498.0,0,145102755.0,2.63
B.1.1.7,GBR,RUS,2020-09-09,2020-12-28,2.27,24.25,0,0,1037498.0,0,145102755.0,2.63
B.1.1.7,GBR,RUS,2020-09-09,2020-12-28,2.95,16.89,0,0,1037498.0,0,145102755.0,2.63
B.1.1.7,GBR,RUS,2020-09-09,2020-12-28,2.95,24.25,0,0,1037498.0,0,145102755.0,2.63
B.1.1.7,GBR,SGP,2020-09-09,2020-12-14,2.27,3.89,0,0,56988.0,0,5453600.0,1.05
B.1.1.7,GBR,SGP,2020-09-09,2020-12-14,2.27,8.64,0,0,56988.0,0,5453600.0,1.05
B.1.1.7,GBR,SGP,2020-09-09,2020-12-14,2.95,3.89,0,0,56988.0,0,5453600.0,1.05
B.1.1.7,GBR,SGP,2020-09-09,2020-12-14,2.95,8.64,0,0,56988.0,0,5453600.0,1.05
B.1.1.7,GBR,SGP,2020-09-09,2020-12-14,2.27,3.89,0,0,56988.0,0,5453600.0,1.62
B.1.1.7,GBR,SGP,2020-09-09,2020-12-14,2.27,8.64,0,0,56988.0,0,5453600.0,1.62
B.1.1.7,GBR,SGP,2020-09-09,2020-12-14,2.95,3.89,0,0,56988.0,0,5453600.0,1.62
B.1.1.7,GBR,SGP,2020-09-09,2020-12-14,2.95,8.64,0,0,56988.0,0,5453600.0,1.62
B.1.1.7,GBR,SGP,2020-09-09,2020-12-14,2.27,3.89,0,0,56988.0,0,5453600.0,2.63
B.1.1.7,GBR,SGP,2020-09-09,2020-12-14,2.27,8.64,0,0,56988.0,0,5453600.0,2.63
B.1.1.7,GBR,SGP,2020-09-09,2020-12-14,2.95,3.89,0,0,56988.0,0,5453600.0,2.63
B.1.1.7,GBR,SGP,2020-09-09,2020-12-14,2.95,8.64,0,0,56988.0,0,5453600.0,2.63
B.1.1.7,GBR,SVK,2020-09-09,2020-11-30,2.27,3.45,0,0,4878.0,0,5447622.0,1.05
B.1.1.7,GBR,SVK,2020-09-09,2020-11-30,2.27,5.48,0,0,4878.0,0,5447622.0,1.05
B.1.1.7,GBR,SVK,2020-09-09,2020-11-30,2.95,3.45,0,0,4878.0,0,5447622.0,1.05
B.1.1.7,GBR,SVK,2020-09-09,2020-11-30,2.95,5.48,0,0,4878.0,0,5447622.0,1.05
B.1.1.7,GBR,SVK,2020-09-09,2020-11-30,2.27,3.45,0,0,4878.0,0,5447622.0,1.62
B.1.1.7,GBR,SVK,2020-09-09,2020-11-30,2.27,5.48,0,0,4878.0,0,5447622.0,1.62
B.1.1.7,GBR,SVK,2020-09-09,2020-11-30,2.95,3.45,0,0,4878.0,0,5447622.0,1.62
B.1.1.7,GBR,SVK,2020-09-09,2020-11-30,2.95,5.48,0,0,4878.0,0,5447622.0,1.62
B.1.1.7,GBR,SVK,2020-09-09,2020-11-30,2.27,3.45,0,0,4878.0,0,5447622.0,2.63
B.1.1.7,GBR,SVK,2020-09-09,2020-11-30,2.27,5.48,0,0,4878.0,0,5447622.0,2.63
B.1.1.7,GBR,SVK,2020-09-09,2020-11-30,2.95,3.45,0,0,4878.0,0,5447622.0,2.63
B.1.1.7,GBR,SVK,2020-09-09,2020-11-30,2.95,5.48,0,0,4878.0,0,5447622.0,2.63
B.1.1.7,GBR,SVN,2020-09-09,2020-12-07,2.27,1.94,0,0,3223.0,0,2119410.0,1.05
B.1.1.7,GBR,SVN,2020-09-09,2020-12-07,2.27,3.00,0,0,3223.0,0,2119410.0,1.05
B.1.1.7,GBR,SVN,2020-09-09,2020-12-07,2.95,1.94,0,0,3223.0,0,2119410.0,1.05
B.1.1.7,GBR,SVN,2020-09-09,2020-12-07,2.95,3.00,0,0,3223.0,0,2119410.0,1.05
B.1.1.7,GBR,SVN,2020-09-09,2020-12-07,2.27,1.94,0,0,3223.0,0,2119410.0,1.62
B.1.1.7,GBR,SVN,2020-09-09,2020-12-07,2.27,3.00,0,0,3223.0,0,2119410.0,1.62
B.1.1.7,GBR,SVN,2020-09-09,2020-12-07,2.95,1.94,0,0,3223.0,0,2119410.0,1.62
B.1.1.7,GBR,SVN,2020-09-09,2020-12-07,2.95,3.00,0,0,3223.0,0,2119410.0,1.62
B.1.1.7,GBR,SVN,2020-09-09,2020-12-07,2.27,1.94,0,0,3223.0,0,2119410.0,2.63
B.1.1.7,GBR,SVN,2020-09-09,2020-12-07,2.27,3.00,0,0,3223.0,0,2119410.0,2.63
B.1.1.7,GBR,SVN,2020-09-09,2020-12-07,2.95,1.94,0,0,3223.0,0,2119410.0,2.63
B.1.1.7,GBR,SVN,2020-09-09,2020-12-07,2.95,3.00,0,0,3223.0,0,2119410.0,2.63
B.1.1.7,GBR,SWE,2020-09-09,2020-10-05,2.27,2.01,0,0,85109.0,0,10467097.0,1.05
B.1.1.7,GBR,SWE,2020-09-09,2020-10-05,2.27,2.68,0,0,85109.0,0,10467097.0,1.05
B.1.1.7,GBR,SWE,2020-09-09,2020-10-05,2.95,2.01,0,0,85109.0,0,10467097.0,1.05
B.1.1.7,GBR,SWE,2020-09-09,2020-10-05,2.95,2.68,0,0,85109.0,0,10467097.0,1.05
B.1.1.7,GBR,SWE,2020-09-09,2020-10-05,2.27,2.01,0,0,85109.0,0,10467097.0,1.62
B.1.1.7,GBR,SWE,2020-09-09,2020-10-05,2.27,2.68,0,0,85109.0,0,10467097.0,1.62
B.1.1.7,GBR,SWE,2020-09-09,2020-10-05,2.95,2.01,0,0,85109.0,0,10467097.0,1.62
B.1.1.7,GBR,SWE,2020-09-09,2020-10-05,2.95,2.68,0,0,85109.0,0,10467097.0,1.62
B.1.1.7,GBR,SWE,2020-09-09,2020-10-05,2.27,2.01,0,0,85109.0,0,10467097.0,2.63
B.1.1.7,GBR,SWE,2020-09-09,2020-10-05,2.27,2.68,0,0,85109.0,0,10467097.0,2.63
B.1.1.7,GBR,SWE,2020-09-09,2020-10-05,2.95,2.01,0,0,85109.0,0,10467097.0,2.63
B.1.1.7,GBR,SWE,2020-09-09,2020-10-05,2.95,2.68,0,0,85109.0,0,10467097.0,2.63
B.1.1.7,GBR,THA,2020-09-09,2020-12-28,2.27,9.66,0,0,3377.0,0,71601103.0,1.05
B.1.1.7,GBR,THA,2020-09-09,2020-12-28,2.27,37.08,0,0,3377.0,0,71601103.0,1.05
B.1.1.7,GBR,THA,2020-09-09,2020-12-28,2.95,9.66,0,0,3377.0,0,71601103.0,1.05
B.1.1.7,GBR,THA,2020-09-09,2020-12-28,2.95,37.08,0,0,3377.0,0,71601103.0,1.05
B.1.1.7,GBR,THA,2020-09-09,2020-12-28,2.27,9.66,0,0,3377.0,0,71601103.0,1.62
B.1.1.7,GBR,THA,2020-09-09,2020-12-28,2.27,37.08,0,0,3377.0,0,71601103.0,1.62
B.1.1.7,GBR,THA,2020-09-09,2020-12-28,2.95,9.66,0,0,3377.0,0,71601103.0,1.62
B.1.1.7,GBR,THA,2020-09-09,2020-12-28,2.95,37.08,0,0,3377.0,0,71601103.0,1.62
B.1.1.7,GBR,THA,2020-09-09,2020-12-28,2.27,9.66,0,0,3377.0,0,71601103.0,2.63
B.1.1.7,GBR,THA,2020-09-09,2020-12-28,2.27,37.08,0,0,3377.0,0,71601103.0,2.63
B.1.1.7,GBR,THA,2020-09-09,2020-12-28,2.95,9.66,0,0,3377.0,0,71601103.0,2.63
B.1.1.7,GBR,THA,2020-09-09,2020-12-28,2.95,37.08,0,0,3377.0,0,71601103.0,2.63
B.1.1.7,GBR,TTO,2020-09-09,2021-03-22,2.27,6.02,0,0,2588.0,0,1525663.0,1.05
B.1.1.7,GBR,TTO,2020-09-09,2021-03-22,2.27,14.83,0,0,2588.0,0,1525663.0,1.05
B.1.1.7,GBR,TTO,2020-09-09,2021-03-22,2.95,6.02,0,0,2588.0,0,1525663.0,1.05
B.1.1.7,GBR,TTO,2020-09-09,2021-03-22,2.95,14.83,0,0,2588.0,0,1525663.0,1.05
B.1.1.7,GBR,TTO,2020-09-09,2021-03-22,2.27,6.02,0,0,2588.0,0,1525663.0,1.62
B.1.1.7,GBR,TTO,2020-09-09,2021-03-22,2.27,14.83,0,0,2588.0,0,1525663.0,1.62
B.1.1.7,GBR,TTO,2020-09-09,2021-03-22,2.95,6.02,0,0,2588.0,0,1525663.0,1.62
B.1.1.7,GBR,TTO,2020-09-09,2021-03-22,2.95,14.83,0,0,2588.0,0,1525663.0,1.62
B.1.1.7,GBR,TTO,2020-09-09,2021-03-22,2.27,6.02,0,0,2588.0,0,1525663.0,2.63
B.1.1.7,GBR,TTO,2020-09-09,2021-03-22,2.27,14.83,0,0,2588.0,0,1525663.0,2.63
B.1.1.7,GBR,TTO,2020-09-09,2021-03-22,2.95,6.02,0,0,2588.0,0,1525663.0,2.63
B.1.1.7,GBR,TTO,2020-09-09,2021-03-22,2.95,14.83,0,0,2588.0,0,1525663.0,2.63
B.1.1.7,GBR,TUR,2020-09-09,2020-12-28,2.27,4.82,0,0,284942.0,0,84775404.0,1.05
B.1.1.7,GBR,TUR,2020-09-09,2020-12-28,2.27,26.08,0,0,284942.0,0,84775404.0,1.05
B.1.1.7,GBR,TUR,2020-09-09,2020-12-28,2.95,4.82,0,0,284942.0,0,84775404.0,1.05
B.1.1.7,GBR,TUR,2020-09-09,2020-12-28,2.95,26.08,0,0,284942.0,0,84775404.0,1.05
B.1.1.7,GBR,TUR,2020-09-09,2020-12-28,2.27,4.82,0,0,284942.0,0,84775404.0,1.62
B.1.1.7,GBR,TUR,2020-09-09,2020-12-28,2.27,26.08,0,0,284942.0,0,84775404.0,1.62
B.1.1.7,GBR,TUR,2020-09-09,2020-12-28,2.95,4.82,0,0,284942.0,0,84775404.0,1.62
B.1.1.7,GBR,TUR,2020-09-09,2020-12-28,2.95,26.08,0,0,284942.0,0,84775404.0,1.62
B.1.1.7,GBR,TUR,2020-09-09,2020-12-28,2.27,4.82,0,0,284942.0,0,84775404.0,2.63
B.1.1.7,GBR,TUR,2020-09-09,2020-12-28,2.27,26.08,0,0,284942.0,0,84775404.0,2.63
B.1.1.7,GBR,TUR,2020-09-09,2020-12-28,2.95,4.82,0,0,284942.0,0,84775404.0,2.63
B.1.1.7,GBR,TUR,2020-09-09,2020-12-28,2.95,26.08,0,0,284942.0,0,84775404.0,2.63
B.1.1.7,GBR,USA,2020-09-09,2020-12-14,2.27,2.49,0,0,6374402.0,0,336997624.0,1.05
B.1.1.7,GBR,USA,2020-09-09,2020-12-14,2.27,2.78,0,0,6374402.0,0,336997624.0,1.05
B.1.1.7,GBR,USA,2020-09-09,2020-12-14,2.95,2.49,0,0,6374402.0,0,336997624.0,1.05
B.1.1.7,GBR,USA,2020-09-09,2020-12-14,2.95,2.78,0,0,6374402.0,0,336997624.0,1.05
B.1.1.7,GBR,USA,2020-09-09,2020-12-14,2.27,2.49,0,0,6374402.0,0,336997624.0,1.62
B.1.1.7,GBR,USA,2020-09-09,2020-12-14,2.27,2.78,0,0,6374402.0,0,336997624.0,1.62
B.1.1.7,GBR,USA,2020-09-09,2020-12-14,2.95,2.49,0,0,6374402.0,0,336997624.0,1.62
B.1.1.7,GBR,USA,2020-09-09,2020-12-14,2.95,2.78,0,0,6374402.0,0,336997624.0,1.62
B.1.1.7,GBR,USA,2020-09-09,2020-12-14,2.27,2.49,0,0,6374402.0,0,336997624.0,2.63
B.1.1.7,GBR,USA,2020-09-09,2020-12-14,2.27,2.78,0,0,6374402.0,0,336997624.0,2.63
B.1.1.7,GBR,USA,2020-09-09,2020-12-14,2.95,2.49,0,0,6374402.0,0,336997624.0,2.63
B.1.1.7,GBR,USA,2020-09-09,2020-12-14,2.95,2.78,0,0,6374402.0,0,336997624.0,2.63
B.1.1.7,GBR,VNM,2020-09-09,2021-01-11,2.27,28.70,0,0,1020.0,0,97468028.0,1.05
B.1.1.7,GBR,VNM,2020-09-09,2021-01-11,2.27,78.00,0,0,1020.0,0,97468028.0,1.05
B.1.1.7,GBR,VNM,2020-09-09,2021-01-11,2.95,28.70,0,0,1020.0,0,97468028.0,1.05
B.1.1.7,GBR,VNM,2020-09-09,2021-01-11,2.95,78.00,0,0,1020.0,0,97468028.0,1.05
B.1.1.7,GBR,VNM,2020-09-09,2021-01-11,2.27,28.70,0,0,1020.0,0,97468028.0,1.62
B.1.1.7,GBR,VNM,2020-09-09,2021-01-11,2.27,78.00,0,0,1020.0,0,97468028.0,1.62
B.1.1.7,GBR,VNM,2020-09-09,2021-01-11,2.95,28.70,0,0,1020.0,0,97468028.0,1.62
B.1.1.7,GBR,VNM,2020-09-09,2021-01-11,2.95,78.00,0,0,1020.0,0,97468028.0,1.62
B.1.1.7,GBR,VNM,2020-09-09,2021-01-11,2.27,28.70,0,0,1020.0,0,97468028.0,2.63
B.1.1.7,GBR,VNM,2020-09-09,2021-01-11,2.27,78.00,0,0,1020.0,0,97468028.0,2.63
B.1.1.7,GBR,VNM,2020-09-09,2021-01-11,2.95,28.70,0,0,1020.0,0,97468028.0,2.63
B.1.1.7,GBR,VNM,2020-09-09,2021-01-11,2.95,78.00,0,0,1020.0,0,97468028.0,2.63
B.1.1.7,GBR,ZAF,2020-09-09,2021-01-11,2.27,14.07,0,0,642414.0,0,59392255.0,1.05
B.1.1.7,GBR,ZAF,2020-09-09,2021-01-11,2.27,21.34,0,0,642414.0,0,59392255.0,1.05
B.1.1.7,GBR,ZAF,2020-09-09,2021-01-11,2.95,14.07,0,0,642414.0,0,59392255.0,1.05
B.1.1.7,GBR,ZAF,2020-09-09,2021-01-11,2.95,21.34,0,0,642414.0,0,59392255.0,1.05
B.1.1.7,GBR,ZAF,2020-09-09,2021-01-11,2.27,14.07,0,0,642414.0,0,59392255.0,1.62
B.1.1.7,GBR,ZAF,2020-09-09,2021-01-11,2.27,21.34,0,0,642414.0,0,59392255.0,1.62
B.1.1.7,GBR,ZAF,2020-09-09,2021-01-11,2.95,14.07,0,0,642414.0,0,59392255.0,1.62
B.1.1.7,GBR,ZAF,2020-09-09,2021-01-11,2.95,21.34,0,0,642414.0,0,59392255.0,1.62
B.1.1.7,GBR,ZAF,2020-09-09,2021-01-11,2.27,14.07,0,0,642414.0,0,59392255.0,2.63
B.1.1.7,GBR,ZAF,2020-09-09,2021-01-11,2.27,21.34,0,0,642414.0,0,59392255.0,2.63
B.1.1.7,GBR,ZAF,2020-09-09,2021-01-11,2.95,14.07,0,0,642414.0,0,59392255.0,2.63
B.1.1.7,GBR,ZAF,2020-09-09,2021-01-11,2.95,21.34,0,0,642414.0,0,59392255.0,2.63
